{
"type": "FeatureCollection",
"name": "barrios_rcia_4326",
"crs": { "type": "name", "properties": { "name": "urn:ogc:def:crs:OGC:1.3:CRS84" } },
"features": [
{ "type": "Feature", "properties": { "Barrio": "ENRCANACION DE JESUS", "Municipio": "Resistencia", "ID": 306, "Área": 747981.64, "Perímetro": 4833.29 }, "geometry": { "type": "MultiPolygon", "coordinates": [ [ [ [ -58.999985655545984, -27.426257612377512 ], [ -59.000738121920165, -27.425653122378172 ], [ -58.995816757147331, -27.421239614742966 ], [ -58.995243253438261, -27.421748833939937 ], [ -58.994316142279899, -27.420917236830785 ], [ -58.993598272938968, -27.421554633624851 ], [ -58.993413326537286, -27.421591540129924 ], [ -58.993242154958125, -27.421438027225058 ], [ -58.99229687152669, -27.420576474547158 ], [ -58.990915907550985, -27.421899565012712 ], [ -58.990600352507556, -27.422249589082838 ], [ -58.989633129565782, -27.425256844973635 ], [ -58.989191041442275, -27.426436813707465 ], [ -58.989640014533492, -27.426663074763567 ], [ -58.990139379613431, -27.426752133803308 ], [ -58.990589928740725, -27.426974105862879 ], [ -58.99105937989718, -27.427144626174421 ], [ -58.991865140761732, -27.427548439538104 ], [ -58.992111700276219, -27.42885699357705 ], [ -58.992040370425954, -27.42879302940549 ], [ -58.990990908095895, -27.429449094916379 ], [ -58.992001254734895, -27.430355199244172 ], [ -58.992856089284651, -27.431123744541157 ], [ -58.993712018001673, -27.431891331582719 ], [ -58.999985655545984, -27.426257612377512 ] ], [ [ -58.999281108919696, -27.425623047046631 ], [ -58.998024022577411, -27.426739148166622 ], [ -58.99719662999842, -27.425997175581987 ], [ -58.99845212568399, -27.424882414653645 ], [ -58.999281108919696, -27.425623047046631 ] ], [ [ -58.994545045272297, -27.428096819353357 ], [ -58.993828194675665, -27.428733256009405 ], [ -58.993328915020228, -27.428285503169391 ], [ -58.993741108587521, -27.427919553219407 ], [ -58.993527131821594, -27.427727657065606 ], [ -58.993831795427631, -27.427457173396178 ], [ -58.994545045272297, -27.428096819353357 ] ] ] ] } },
{ "type": "Feature", "properties": { "Barrio": "CENTRAL NORTE", "Municipio": "Resistencia", "ID": 253, "Área": 822754.04, "Perímetro": 3886.58 }, "geometry": { "type": "MultiPolygon", "coordinates": [ [ [ [ -58.979332314762395, -27.457701908037524 ], [ -58.972330850605445, -27.463906931903651 ], [ -58.977227108381875, -27.468379844573573 ], [ -58.980494002632192, -27.465487741942763 ], [ -58.982467705511333, -27.467200086047605 ], [ -58.986240000053115, -27.463852787250779 ], [ -58.979332314762395, -27.457701908037524 ] ] ] ] } },
{ "type": "Feature", "properties": { "Barrio": "PROSPERIDAD", "Municipio": "Resistencia", "ID": 118, "Área": 269201.63, "Perímetro": 2493.19 }, "geometry": { "type": "MultiPolygon", "coordinates": [ [ [ [ -58.972048291179135, -27.451109139814662 ], [ -58.970514931998977, -27.449725900441738 ], [ -58.969347563309512, -27.450022412936363 ], [ -58.969429058691659, -27.450095560326801 ], [ -58.969714254358131, -27.450351555778091 ], [ -58.968960545479881, -27.450577204458586 ], [ -58.968701967583762, -27.45066458610907 ], [ -58.968402173427464, -27.45076589603763 ], [ -58.967869490284521, -27.450983160248594 ], [ -58.967338440027774, -27.451304155414409 ], [ -58.966986661384638, -27.451577573704764 ], [ -58.966540786120248, -27.451992158048803 ], [ -58.966326052631942, -27.452200950591571 ], [ -58.96573595424298, -27.452929955408347 ], [ -58.965029822174628, -27.453836605128515 ], [ -58.964924797276588, -27.453989800209108 ], [ -58.964372844690892, -27.454687181847067 ], [ -58.963421008837194, -27.455917548122724 ], [ -58.96501327716642, -27.457345840474915 ], [ -58.972048291179135, -27.451109139814662 ] ] ] ] } },
{ "type": "Feature", "properties": { "Barrio": "IPDUV-PLAN 117 VIVIENDAS", "Municipio": "Resistencia", "ID": 55, "Área": 29277.46, "Perímetro": 1687.95 }, "geometry": { "type": "MultiPolygon", "coordinates": [ [ [ [ -58.999051826707081, -27.39563752317294 ], [ -58.998664855786124, -27.395981216174217 ], [ -58.999520562849789, -27.396748759404861 ], [ -58.99990753502474, -27.396405057758432 ], [ -58.999051826707081, -27.39563752317294 ] ] ], [ [ [ -58.999546290530766, -27.395198355287601 ], [ -58.999159321649181, -27.395542050659238 ], [ -59.000015022893393, -27.396309589958879 ], [ -59.000401990998874, -27.395965886829952 ], [ -58.999546290530766, -27.395198355287601 ] ] ], [ [ [ -59.000544606328894, -27.396093812308273 ], [ -59.000157641249508, -27.396437513141386 ], [ -59.001013359341222, -27.397205043903604 ], [ -59.001400321541183, -27.396861344321756 ], [ -59.000544606328894, -27.396093812308273 ] ] ], [ [ [ -59.000050153266706, -27.396532992779136 ], [ -58.999663181117562, -27.396876688498761 ], [ -59.000518892930479, -27.39764421949587 ], [ -59.000905864287134, -27.397300517823449 ], [ -59.000050153266706, -27.396532992779136 ] ] ], [ [ [ -59.000852602472072, -27.395820256071953 ], [ -59.000652093348478, -27.395998344893098 ], [ -59.001507814686065, -27.396765875398749 ], [ -59.001708313788569, -27.396587786197006 ], [ -59.000852602472072, -27.395820256071953 ] ] ] ] } },
{ "type": "Feature", "properties": { "Barrio": "DON SANTIGO", "Municipio": "Resistencia", "ID": 56, "Área": 4937.72, "Perímetro": 301.36 }, "geometry": { "type": "MultiPolygon", "coordinates": [ [ [ [ -58.991222885378669, -27.396237883702273 ], [ -58.9908776768686, -27.396544713367206 ], [ -58.991608862448409, -27.397200086426107 ], [ -58.991953906547273, -27.396893674293711 ], [ -58.991222885378669, -27.396237883702273 ] ] ] ] } },
{ "type": "Feature", "properties": { "Barrio": "DON SANTIAGO", "Municipio": "Resistencia", "ID": 57, "Área": 6152.34, "Perímetro": 325.05 }, "geometry": { "type": "MultiPolygon", "coordinates": [ [ [ [ -58.991867594916187, -27.395664840715192 ], [ -58.991438029570453, -27.396047092847262 ], [ -58.992168902490235, -27.396702740488188 ], [ -58.992598782918876, -27.396320208681676 ], [ -58.991867594916187, -27.395664840715192 ] ] ] ] } },
{ "type": "Feature", "properties": { "Barrio": "DON SANTIAGO", "Municipio": "Resistencia", "ID": 58, "Área": 3853.85, "Perímetro": 477.2 }, "geometry": { "type": "MultiPolygon", "coordinates": [ [ [ [ -58.994528388907476, -27.396784539992804 ], [ -58.993985135699269, -27.396956078289247 ], [ -58.994078077434118, -27.397190579703253 ], [ -58.994621359022055, -27.397019034958099 ], [ -58.994528388907476, -27.396784539992804 ] ] ], [ [ [ -58.99439616965978, -27.396450942044684 ], [ -58.993853184610984, -27.39662239065737 ], [ -58.993946409635683, -27.396856809379933 ], [ -58.994489385634189, -27.396685356754894 ], [ -58.99439616965978, -27.396450942044684 ] ] ], [ [ [ -58.994320966724381, -27.396255297382829 ], [ -58.993777252403596, -27.396425651306849 ], [ -58.993817509035559, -27.39653315817926 ], [ -58.994360764434226, -27.396361620505861 ], [ -58.994320966724381, -27.396255297382829 ] ] ] ] } },
{ "type": "Feature", "properties": { "Barrio": "DON SANTIAGO", "Municipio": "Resistencia", "ID": 59, "Área": 2964.04, "Perímetro": 218.0 }, "geometry": { "type": "MultiPolygon", "coordinates": [ [ [ [ -58.994917106723022, -27.397766564401614 ], [ -58.994373846169829, -27.397938104955511 ], [ -58.994549178799481, -27.39838045916661 ], [ -58.995092438258354, -27.398208917969601 ], [ -58.994917106723022, -27.397766564401614 ] ] ] ] } },
{ "type": "Feature", "properties": { "Barrio": "PLAN 62 VIVIENDAS", "Municipio": "Resistencia", "ID": 60, "Área": 17922.0, "Perímetro": 1074.4 }, "geometry": { "type": "MultiPolygon", "coordinates": [ [ [ [ -58.991845540265544, -27.403081525916278 ], [ -58.991213253086208, -27.403643484123588 ], [ -58.991654135886513, -27.40403861929067 ], [ -58.992286420179113, -27.403476659996542 ], [ -58.991845540265544, -27.403081525916278 ] ] ], [ [ [ -58.99036610253502, -27.404396385506097 ], [ -58.989805512308799, -27.404894601269309 ], [ -58.990246391649791, -27.405289749817459 ], [ -58.990806985095404, -27.404791526918164 ], [ -58.99036610253502, -27.404396385506097 ] ] ], [ [ [ -58.991069978184854, -27.403770822696792 ], [ -58.990509390170907, -27.40426904779153 ], [ -58.990950269766188, -27.404664185126602 ], [ -58.99151085687344, -27.404165961889614 ], [ -58.991069978184854, -27.403770822696792 ] ] ], [ [ [ -58.989662230136155, -27.40502193825693 ], [ -58.989338124666418, -27.405309980769466 ], [ -58.98977900389292, -27.405705130771832 ], [ -58.990103112466841, -27.405417088175145 ], [ -58.989662230136155, -27.40502193825693 ] ] ] ] } },
{ "type": "Feature", "properties": { "Barrio": "PLAN 40 VIVIENDAS U.O.M.", "Municipio": "Resistencia", "ID": 61, "Área": 9017.0, "Perímetro": 657.02 }, "geometry": { "type": "MultiPolygon", "coordinates": [ [ [ [ -58.988548452950809, -27.403907675941273 ], [ -58.987987857328527, -27.404405887886647 ], [ -58.988385637608118, -27.404762415020429 ], [ -58.988946237390252, -27.404264202432998 ], [ -58.988548452950809, -27.403907675941273 ] ] ], [ [ [ -58.988138262738751, -27.403540016103918 ], [ -58.987577663175898, -27.404038229104074 ], [ -58.987880854353925, -27.404309975081638 ], [ -58.988441449942805, -27.403811763559592 ], [ -58.988138262738751, -27.403540016103918 ] ] ], [ [ [ -58.987692405580127, -27.403140393435706 ], [ -58.987468524020173, -27.403339356688097 ], [ -58.98777170599687, -27.403611102819394 ], [ -58.987995587594661, -27.403412139088005 ], [ -58.987692405580127, -27.403140393435706 ] ] ] ] } },
{ "type": "Feature", "properties": { "Barrio": "PLAN 160 VIVIENDAS", "Municipio": "Resistencia", "ID": 62, "Área": 32903.84, "Perímetro": 2544.03 }, "geometry": { "type": "MultiPolygon", "coordinates": [ [ [ [ -58.986683991016918, -27.404751977146901 ], [ -58.986125175934013, -27.405248584412028 ], [ -58.986496129252899, -27.405581078631016 ], [ -58.987054947517407, -27.405084466315781 ], [ -58.986683991016918, -27.404751977146901 ] ] ], [ [ [ -58.984162026862002, -27.402488891077819 ], [ -58.98360117285106, -27.40298686407619 ], [ -58.983904213685008, -27.403258732897815 ], [ -58.984465064702803, -27.402760764994174 ], [ -58.984162026862002, -27.402488891077819 ] ] ], [ [ [ -58.984572021411836, -27.402856716110858 ], [ -58.984012097910153, -27.403353864629267 ], [ -58.984315137726234, -27.403625731674087 ], [ -58.984875061259238, -27.403128589176763 ], [ -58.984572021411836, -27.402856716110858 ] ] ], [ [ [ -58.986277369268691, -27.404387509676411 ], [ -58.985718548188977, -27.404884121610003 ], [ -58.986018163662003, -27.405152676453326 ], [ -58.98657698887915, -27.404656063367561 ], [ -58.986277369268691, -27.404387509676411 ] ] ], [ [ [ -58.986403079167808, -27.401962300895452 ], [ -58.985829917258194, -27.402471674485025 ], [ -58.986115260304736, -27.402727442567322 ], [ -58.986688394754303, -27.402218095596751 ], [ -58.986403079167808, -27.401962300895452 ] ] ], [ [ [ -58.986795428356338, -27.402313978826431 ], [ -58.986222267356922, -27.402823351303347 ], [ -58.986507608166072, -27.403079118589805 ], [ -58.987080745782265, -27.402569769152141 ], [ -58.986795428356338, -27.402313978826431 ] ] ], [ [ [ -58.985582730922474, -27.401226979759102 ], [ -58.985009565231607, -27.401736350001286 ], [ -58.985294904550386, -27.401992114272122 ], [ -58.985868038688004, -27.401482776033259 ], [ -58.985582730922474, -27.401226979759102 ] ] ], [ [ [ -58.985975070873621, -27.401578659864029 ], [ -58.985401909125692, -27.402088029015566 ], [ -58.985687250259161, -27.402343791617739 ], [ -58.986260384522382, -27.401834451792091 ], [ -58.985975070873621, -27.401578659864029 ] ] ], [ [ [ -58.987223449310783, -27.402697626528543 ], [ -58.98665028109766, -27.403207000685242 ], [ -58.986935634045039, -27.403462760892911 ], [ -58.987508761622394, -27.402953416869106 ], [ -58.987223449310783, -27.402697626528543 ] ] ], [ [ [ -58.985017670176269, -27.403256523874749 ], [ -58.984456818898238, -27.403754502988431 ], [ -58.984608344264942, -27.403890435710167 ], [ -58.985169195566918, -27.403392458703713 ], [ -58.985017670176269, -27.403256523874749 ] ] ], [ [ [ -58.985018211881851, -27.40398791658118 ], [ -58.984869515380424, -27.40412333225094 ], [ -58.985169129781887, -27.40439188885783 ], [ -58.985448533262215, -27.404143586025143 ], [ -58.985298745694863, -27.404009294702785 ], [ -58.985169772061688, -27.40412391212719 ], [ -58.985018211881851, -27.40398791658118 ] ] ] ] } },
{ "type": "Feature", "properties": { "Barrio": "PLAN 40 VIVIENDAS", "Municipio": "Resistencia", "ID": 63, "Área": 4560.48, "Perímetro": 313.74 }, "geometry": { "type": "MultiPolygon", "coordinates": [ [ [ [ -58.985169195566918, -27.403392458703713 ], [ -58.98460833819901, -27.403890435666007 ], [ -58.9847598598761, -27.404026370005759 ], [ -58.984911239574302, -27.403891964776601 ], [ -58.985019968584361, -27.403989632127129 ], [ -58.985169717971161, -27.40412385668937 ], [ -58.985298745694863, -27.404009294702785 ], [ -58.985448533262215, -27.404143586025143 ], [ -58.985730716449162, -27.403896217812076 ], [ -58.985427673424866, -27.403624346528503 ], [ -58.985320715295465, -27.403528389722155 ], [ -58.985169195566918, -27.403392458703713 ] ] ] ] } },
{ "type": "Feature", "properties": { "Barrio": "PLAN 50 VIVIENDAS", "Municipio": "Resistencia", "ID": 64, "Área": 11814.99, "Perímetro": 896.0 }, "geometry": { "type": "MultiPolygon", "coordinates": [ [ [ [ -58.980967639491332, -27.402691459503952 ], [ -58.980663015525927, -27.402961916888284 ], [ -58.981238282759207, -27.40347803560401 ], [ -58.981542903792622, -27.403207576960956 ], [ -58.980967639491332, -27.402691459503952 ] ] ], [ [ [ -58.98168550882037, -27.403335518572561 ], [ -58.981380888748127, -27.403605980236456 ], [ -58.98194061506468, -27.404108151202351 ], [ -58.982245239287217, -27.403837687462502 ], [ -58.98168550882037, -27.403335518572561 ] ] ], [ [ [ -58.981273374013682, -27.403701435626715 ], [ -58.980968747890785, -27.403971896291946 ], [ -58.981528478118506, -27.404474068915235 ], [ -58.98183310129005, -27.404203608829242 ], [ -58.981273374013682, -27.403701435626715 ] ] ], [ [ [ -58.980843278673532, -27.403315561238799 ], [ -58.98053865261781, -27.4035860218818 ], [ -58.980826142913621, -27.403843954861372 ], [ -58.981130769019764, -27.403573493600373 ], [ -58.980843278673532, -27.403315561238799 ] ] ] ] } },
{ "type": "Feature", "properties": { "Barrio": "PLAN 25 VIVIENDAS", "Municipio": "Resistencia", "ID": 65, "Área": 4501.7, "Perímetro": 512.97 }, "geometry": { "type": "MultiPolygon", "coordinates": [ [ [ [ -58.980555501822082, -27.403057374448213 ], [ -58.980250878882963, -27.403327830885569 ], [ -58.98053865261781, -27.4035860218818 ], [ -58.980843278673532, -27.403315561238799 ], [ -58.980555501822082, -27.403057374448213 ] ] ], [ [ [ -58.980179201943734, -27.403391470238873 ], [ -58.980026889760069, -27.403526696300045 ], [ -58.980602153716447, -27.404042821185119 ], [ -58.980754465983743, -27.403907590896431 ], [ -58.980179201943734, -27.403391470238873 ] ] ], [ [ [ -58.98089707398799, -27.404035532421297 ], [ -58.980744758675201, -27.404170762841098 ], [ -58.981104447895682, -27.404493464871177 ], [ -58.981256760173956, -27.404358237651856 ], [ -58.98089707398799, -27.404035532421297 ] ] ] ] } },
{ "type": "Feature", "properties": { "Barrio": "ALTO SABIN", "Municipio": "Resistencia", "ID": 66, "Área": 27301.06, "Perímetro": 1730.06 }, "geometry": { "type": "MultiPolygon", "coordinates": [ [ [ [ -58.971542354409792, -27.41702138615814 ], [ -58.971162398561056, -27.41735865804025 ], [ -58.9718934195581, -27.418014520734165 ], [ -58.972273381409636, -27.417677271298192 ], [ -58.971542354409792, -27.41702138615814 ] ] ], [ [ [ -58.972415633524257, -27.417804778439482 ], [ -58.97203568076673, -27.418142025617247 ], [ -58.972695264134181, -27.418733799729971 ], [ -58.973075227173808, -27.418396548150739 ], [ -58.972415633524257, -27.417804778439482 ] ] ], [ [ [ -58.971970601510023, -27.416641604435789 ], [ -58.971658749403353, -27.416918404698119 ], [ -58.972389776454882, -27.41757428923756 ], [ -58.972701629705504, -27.417297487373457 ], [ -58.971970601510023, -27.416641604435789 ] ] ], [ [ [ -58.972381281723912, -27.416276904739025 ], [ -58.972069433637444, -27.416553711419436 ], [ -58.972800312446736, -27.417209460099134 ], [ -58.973112166682427, -27.416932657268333 ], [ -58.972381281723912, -27.416276904739025 ] ] ], [ [ [ -58.973254355444325, -27.417060351693667 ], [ -58.97294258061617, -27.417337094062127 ], [ -58.973602164357011, -27.417928861245429 ], [ -58.973914018738164, -27.417652056649437 ], [ -58.973254355444325, -27.417060351693667 ] ] ], [ [ [ -58.972838332524148, -27.417420951231414 ], [ -58.972526548569462, -27.417697692546724 ], [ -58.9731861321007, -27.418289461666397 ], [ -58.973497984478392, -27.418012658944125 ], [ -58.972838332524148, -27.417420951231414 ] ] ] ] } },
{ "type": "Feature", "properties": { "Barrio": "ASENTAMIENTO CRISTO REY", "Municipio": "Resistencia", "ID": 67, "Área": 65603.86, "Perímetro": 1576.07 }, "geometry": { "type": "MultiPolygon", "coordinates": [ [ [ [ -58.997546577801927, -27.408071152470427 ], [ -58.995589954543057, -27.409808678998228 ], [ -58.994017589351557, -27.411204915429209 ], [ -58.994470890080976, -27.411375203699208 ], [ -58.994672360735784, -27.411450880418389 ], [ -58.995180473033827, -27.411572501811982 ], [ -58.997672164457185, -27.409360762350271 ], [ -58.997735866535656, -27.409417853583808 ], [ -58.997879205715243, -27.409290566465756 ], [ -58.998941894049295, -27.410218088052062 ], [ -58.999120186351654, -27.410377992941477 ], [ -58.999263526336819, -27.410250698099336 ], [ -58.999451733910945, -27.410419496161673 ], [ -58.999774250237941, -27.410133081777108 ], [ -58.99962883293545, -27.410002662840419 ], [ -58.999600308409917, -27.40997707826364 ], [ -58.99942201601165, -27.409817174880157 ], [ -58.99945071689136, -27.409778953571813 ], [ -58.999293820056351, -27.409638238951754 ], [ -58.999265291665061, -27.409612653378367 ], [ -58.999101266020858, -27.409465540146801 ], [ -58.999087000355445, -27.40945274687995 ], [ -58.998637705638039, -27.40904978404371 ], [ -58.998623443112507, -27.409036990753322 ], [ -58.998366706955231, -27.408806726547201 ], [ -58.998352441467162, -27.408793932306235 ], [ -58.998209812899532, -27.408666007152483 ], [ -58.998202679647306, -27.408659612276647 ], [ -58.997546577801927, -27.408071152470427 ] ] ] ] } },
{ "type": "Feature", "properties": { "Barrio": "ANGEL DE LA GUARDA", "Municipio": "Resistencia", "ID": 68, "Área": 50104.02, "Perímetro": 3207.53 }, "geometry": { "type": "MultiPolygon", "coordinates": [ [ [ [ -58.996250225964936, -27.407809407928752 ], [ -58.995891867045877, -27.408127636121225 ], [ -58.996540832098653, -27.408709706755808 ], [ -58.996899191173483, -27.408391474215129 ], [ -58.996250225964936, -27.407809407928752 ] ] ], [ [ [ -58.995318499442938, -27.408636797081826 ], [ -58.994960141259284, -27.408955021840082 ], [ -58.995609101918134, -27.409537097615207 ], [ -58.995967460265867, -27.409218867606441 ], [ -58.995318499442938, -27.408636797081826 ] ] ], [ [ [ -58.996716077428616, -27.407395713049571 ], [ -58.996357728288679, -27.407713938971476 ], [ -58.997006693536562, -27.408296004765511 ], [ -58.997365042783251, -27.407977779909306 ], [ -58.996716077428616, -27.407395713049571 ] ] ], [ [ [ -58.995784363921324, -27.408223104692173 ], [ -58.99542600944266, -27.408541328038613 ], [ -58.996074970305017, -27.409123398070822 ], [ -58.99643332589347, -27.408805176699598 ], [ -58.995784363921324, -27.408223104692173 ] ] ], [ [ [ -58.995471679945226, -27.40711329204283 ], [ -58.995113321160218, -27.407431520070674 ], [ -58.995748009968523, -27.408000797842302 ], [ -58.996106367822122, -27.407682573615869 ], [ -58.995471679945226, -27.40711329204283 ] ] ], [ [ [ -58.993608212799778, -27.408768052502271 ], [ -58.993249850406066, -27.40908627633182 ], [ -58.9938845375667, -27.40965555883389 ], [ -58.994242907084754, -27.409337342473243 ], [ -58.993608212799778, -27.408768052502271 ] ] ], [ [ [ -58.99407408505855, -27.408354363321632 ], [ -58.993715725367061, -27.408672584829922 ], [ -58.994350412613443, -27.409241874268279 ], [ -58.994708772433718, -27.408923651154765 ], [ -58.99407408505855, -27.408354363321632 ] ] ], [ [ [ -58.995937532208245, -27.406699601535504 ], [ -58.995579182232049, -27.407017822774023 ], [ -58.996213870147479, -27.407587103865556 ], [ -58.996572226367178, -27.407268875651734 ], [ -58.995937532208245, -27.406699601535504 ] ] ], [ [ [ -58.99500581908363, -27.407526988960459 ], [ -58.994647457702769, -27.407845207579694 ], [ -58.995282151350033, -27.408414492888287 ], [ -58.995640506842363, -27.408096267206332 ], [ -58.99500581908363, -27.407526988960459 ] ] ], [ [ [ -58.994539953822525, -27.407940675173574 ], [ -58.994181596767767, -27.408258901579021 ], [ -58.994816284238773, -27.408828182614467 ], [ -58.995174641356861, -27.408509961822272 ], [ -58.994539953822525, -27.407940675173574 ] ] ], [ [ [ -58.994851407311273, -27.409051576249286 ], [ -58.994493040352182, -27.409369803281731 ], [ -58.9948781369866, -27.409715211193369 ], [ -58.995329778888234, -27.40948065117356 ], [ -58.994851407311273, -27.409051576249286 ] ] ], [ [ [ -58.994385534814818, -27.409465271594918 ], [ -58.99402716521876, -27.409783493730142 ], [ -58.994291031413276, -27.41002016442356 ], [ -58.994742675809903, -27.409785600066321 ], [ -58.994385534814818, -27.409465271594918 ] ] ] ] } },
{ "type": "Feature", "properties": { "Barrio": "SANTA LUCIA", "Municipio": "Resistencia", "ID": 69, "Área": 30768.46, "Perímetro": 2184.32 }, "geometry": { "type": "MultiPolygon", "coordinates": [ [ [ [ -58.980261617471371, -27.418642684456955 ], [ -58.97997487263892, -27.418897229225681 ], [ -58.980830617812259, -27.41966488596087 ], [ -58.981117365852612, -27.419410335872886 ], [ -58.980261617471371, -27.418642684456955 ] ] ], [ [ [ -58.979903184178234, -27.418960868010767 ], [ -58.9796164387133, -27.419215411993225 ], [ -58.980472183709821, -27.419983070893693 ], [ -58.980758933369025, -27.41972852430629 ], [ -58.979903184178234, -27.418960868010767 ] ] ], [ [ [ -58.980620043687566, -27.418324496264862 ], [ -58.980333304543166, -27.418579041856844 ], [ -58.98118905090432, -27.419346696434143 ], [ -58.981475797267912, -27.419092149161738 ], [ -58.980620043687566, -27.418324496264862 ] ] ], [ [ [ -58.980978485966524, -27.418006316236809 ], [ -58.980691734359787, -27.418260857105128 ], [ -58.981547480897596, -27.419028509517197 ], [ -58.9818342185728, -27.418773957790286 ], [ -58.980978485966524, -27.418006316236809 ] ] ], [ [ [ -58.981948320805976, -27.418876307660106 ], [ -58.981661583054013, -27.419130865934108 ], [ -58.982293485523812, -27.419697703963546 ], [ -58.982516446694639, -27.419641816676148 ], [ -58.98269661567771, -27.419547551540873 ], [ -58.981948320805976, -27.418876307660106 ] ] ], [ [ [ -58.981589892399697, -27.41919449926856 ], [ -58.981303152026079, -27.419449053132382 ], [ -58.981758554735755, -27.419857571144707 ], [ -58.982179368110053, -27.419723282079939 ], [ -58.981589892399697, -27.41919449926856 ] ] ], [ [ [ -58.981231460960856, -27.419512686268405 ], [ -58.980944719921567, -27.419767242955196 ], [ -58.981370956976711, -27.420149590782248 ], [ -58.981477787735635, -27.420089906784387 ], [ -58.981536011355736, -27.420041764344056 ], [ -58.981684443550897, -27.419919032896455 ], [ -58.981231460960856, -27.419512686268405 ] ] ], [ [ [ -58.980873028453722, -27.419830874990506 ], [ -58.980586278717652, -27.420085428124995 ], [ -58.980979144729424, -27.420437840901787 ], [ -58.981115892839945, -27.420304619552553 ], [ -58.981283083950224, -27.420198711220422 ], [ -58.980873028453722, -27.419830874990506 ] ] ] ] } },
{ "type": "Feature", "properties": { "Barrio": "VOLVER A EMPEZAR", "Municipio": "Resistencia", "ID": 70, "Área": 23835.94, "Perímetro": 1335.82 }, "geometry": { "type": "MultiPolygon", "coordinates": [ [ [ [ -58.983693709953322, -27.418164614170394 ], [ -58.982417724810652, -27.419297382899643 ], [ -58.982818473055545, -27.419656885643583 ], [ -58.984094492754494, -27.418524126187364 ], [ -58.983693709953322, -27.418164614170394 ] ] ], [ [ [ -58.983292932723231, -27.417805107391782 ], [ -58.982016947923917, -27.418937867097281 ], [ -58.982373502848787, -27.419257723453196 ], [ -58.983649498037266, -27.418124958805212 ], [ -58.983292932723231, -27.417805107391782 ] ] ], [ [ [ -58.982892154093705, -27.417445594070049 ], [ -58.981620286591017, -27.418582047437397 ], [ -58.98181584381809, -27.418757470091876 ], [ -58.983091828461703, -27.417624713100114 ], [ -58.982892154093705, -27.417445594070049 ] ] ] ] } },
{ "type": "Feature", "properties": { "Barrio": "ASENTAMIENTO TIMBO", "Municipio": "Resistencia", "ID": 71, "Área": 77806.4, "Perímetro": 1152.25 }, "geometry": { "type": "MultiPolygon", "coordinates": [ [ [ [ -59.000893664599829, -27.42551037596218 ], [ -59.002441930155278, -27.424135581978923 ], [ -58.999877003125931, -27.421830548148616 ], [ -58.998326836604825, -27.423207009498871 ], [ -59.000893664599829, -27.42551037596218 ] ] ] ] } },
{ "type": "Feature", "properties": { "Barrio": "33 VIVIENDAS - AIPO", "Municipio": "Resistencia", "ID": 72, "Área": 8274.95, "Perímetro": 400.0 }, "geometry": { "type": "MultiPolygon", "coordinates": [ [ [ [ -58.993831795247331, -27.427457173228117 ], [ -58.993527131650879, -27.427727656784924 ], [ -58.993741108981034, -27.427919553308843 ], [ -58.993328914622872, -27.428285503309027 ], [ -58.993828194507614, -27.428733255757152 ], [ -58.994545045623433, -27.428096819161642 ], [ -58.993831795247331, -27.427457173228117 ] ] ] ] } },
{ "type": "Feature", "properties": { "Barrio": "ASENTAMIENTO INMACULADA", "Municipio": "Resistencia", "ID": 73, "Área": 20330.12, "Perímetro": 582.52 }, "geometry": { "type": "MultiPolygon", "coordinates": [ [ [ [ -58.998452125465327, -27.424882414540011 ], [ -58.997196630256617, -27.42599717530911 ], [ -58.998024022862012, -27.426739147997036 ], [ -58.998820758153549, -27.426031715200256 ], [ -58.999281109241458, -27.425623046790797 ], [ -58.998452125465327, -27.424882414540011 ] ] ] ] } },
{ "type": "Feature", "properties": { "Barrio": "PLAN 40 VIVIENDAS", "Municipio": "Resistencia", "ID": 74, "Área": 19407.51, "Perímetro": 827.52 }, "geometry": { "type": "MultiPolygon", "coordinates": [ [ [ [ -59.033938892344871, -27.46009656397732 ], [ -59.033423646680482, -27.460554200341775 ], [ -59.034387189389712, -27.461417417838902 ], [ -59.034902434300392, -27.460959778861422 ], [ -59.033938892344871, -27.46009656397732 ] ] ], [ [ [ -59.034561654921056, -27.459543421967041 ], [ -59.034046414399889, -27.460001060804306 ], [ -59.035009950349547, -27.460864274011954 ], [ -59.03552518809375, -27.460406632547766 ], [ -59.034561654921056, -27.459543421967041 ] ] ] ] } },
{ "type": "Feature", "properties": { "Barrio": "ASENTAMIENTO MATE COCIDO", "Municipio": "Resistencia", "ID": 75, "Área": 50282.98, "Perímetro": 2440.5 }, "geometry": { "type": "MultiPolygon", "coordinates": [ [ [ [ -59.03503589032961, -27.465491670387625 ], [ -59.034556422260252, -27.465917434864313 ], [ -59.035323649646379, -27.466604879724134 ], [ -59.035803116901938, -27.466179112640585 ], [ -59.03503589032961, -27.465491670387625 ] ] ], [ [ [ -59.035910125371601, -27.466274989804258 ], [ -59.035430704251688, -27.466700799981282 ], [ -59.036197938472192, -27.467388236589503 ], [ -59.036677352653101, -27.466962430079953 ], [ -59.035910125371601, -27.466274989804258 ] ] ], [ [ [ -59.03528731635361, -27.466828123785884 ], [ -59.034807911629251, -27.467253822622471 ], [ -59.035575145585071, -27.467941263510145 ], [ -59.036054556576623, -27.467515562115949 ], [ -59.03528731635361, -27.466828123785884 ] ] ], [ [ [ -59.034413034429591, -27.466044757782889 ], [ -59.033933633977071, -27.466470453685254 ], [ -59.034700857059796, -27.467157901894065 ], [ -59.035180260744994, -27.466732203413198 ], [ -59.034413034429591, -27.466044757782889 ] ] ], [ [ [ -59.035623428301193, -27.464970214203127 ], [ -59.035144899599857, -27.465395154445716 ], [ -59.035912126219053, -27.466082596107604 ], [ -59.036390662276972, -27.465657644296165 ], [ -59.035623428301193, -27.464970214203127 ] ] ], [ [ [ -59.037372014835931, -27.466536917032485 ], [ -59.03689347961614, -27.466961863146828 ], [ -59.037660735014775, -27.467649295628249 ], [ -59.038139264385315, -27.467224344170084 ], [ -59.037372014835931, -27.466536917032485 ] ] ], [ [ [ -59.036497716888931, -27.465753570062191 ], [ -59.036019181870017, -27.466178515926511 ], [ -59.036786422451357, -27.466865943971833 ], [ -59.037264958655221, -27.466440998226567 ], [ -59.036497716888931, -27.465753570062191 ] ] ] ] } },
{ "type": "Feature", "properties": { "Barrio": "SAN JOSE OBRERO", "Municipio": "Resistencia", "ID": 76, "Área": 12296.23, "Perímetro": 639.51 }, "geometry": { "type": "MultiPolygon", "coordinates": [ [ [ [ -59.03541566316936, -27.463673790089377 ], [ -59.034954243823712, -27.464083622753641 ], [ -59.035639453972401, -27.464697459175639 ], [ -59.036100873463347, -27.464287626983886 ], [ -59.03541566316936, -27.463673790089377 ] ] ], [ [ [ -59.03463057758043, -27.462970242964985 ], [ -59.034169115336034, -27.463380258657406 ], [ -59.034847177889553, -27.463987707486119 ], [ -59.035308627016725, -27.46357770483057 ], [ -59.03463057758043, -27.462970242964985 ] ] ] ] } },
{ "type": "Feature", "properties": { "Barrio": "162 VIINSSSEP", "Municipio": "Resistencia", "ID": 77, "Área": 55856.5, "Perímetro": 3259.88 }, "geometry": { "type": "MultiPolygon", "coordinates": [ [ [ [ -59.034512079809758, -27.449590785751813 ], [ -59.03379530213558, -27.450227434696611 ], [ -59.034271011206414, -27.450653696638032 ], [ -59.034987789063536, -27.450017045284287 ], [ -59.034512079809758, -27.449590785751813 ] ] ], [ [ [ -59.03537220027777, -27.448826808096715 ], [ -59.034655439616166, -27.449463455524299 ], [ -59.035131141795183, -27.449889718135189 ], [ -59.035847906763657, -27.449253059303704 ], [ -59.03537220027777, -27.448826808096715 ] ] ], [ [ [ -59.034836980660238, -27.448347224638578 ], [ -59.034120219192921, -27.448983869349 ], [ -59.034548394732994, -27.449367541150934 ], [ -59.035265162433326, -27.448730894314416 ], [ -59.034836980660238, -27.448347224638578 ] ] ], [ [ [ -59.033470197035143, -27.4486571847908 ], [ -59.03275341269002, -27.449293827508296 ], [ -59.033153038114641, -27.449651922632793 ], [ -59.033869822621533, -27.4490152769894 ], [ -59.033470197035143, -27.4486571847908 ] ] ], [ [ [ -59.034328771715188, -27.44789458337592 ], [ -59.03361200435662, -27.448531225470216 ], [ -59.034011628907002, -27.448889323577614 ], [ -59.03472839646647, -27.448252674045925 ], [ -59.034328771715188, -27.44789458337592 ] ] ], [ [ [ -59.033976860439125, -27.449111199041479 ], [ -59.033260086013009, -27.449747844394771 ], [ -59.033659713699009, -27.450105938120224 ], [ -59.034376492332441, -27.449469289869022 ], [ -59.033976860439125, -27.449111199041479 ] ] ], [ [ [ -59.034275500631864, -27.447063320465698 ], [ -59.033988801430738, -27.447317976700553 ], [ -59.034880817236747, -27.448117294932953 ], [ -59.035167520683459, -27.447862629700978 ], [ -59.034275500631864, -27.447063320465698 ] ] ], [ [ [ -59.032977803167618, -27.448215962283477 ], [ -59.032261033219228, -27.448852597192076 ], [ -59.03260355905006, -27.449159536401247 ], [ -59.033320337221724, -27.448522899814339 ], [ -59.032977803167618, -27.448215962283477 ] ] ], [ [ [ -59.033837621171678, -27.447452265275487 ], [ -59.033121155776051, -27.448088633560698 ], [ -59.033463688813676, -27.448395574346907 ], [ -59.03418015439614, -27.447759198011831 ], [ -59.033837621171678, -27.447452265275487 ] ] ], [ [ [ -59.035917295186813, -27.448342636546403 ], [ -59.035630595200914, -27.44859729972843 ], [ -59.03610629872626, -27.449023549143746 ], [ -59.036393004830067, -27.448768887747136 ], [ -59.035917295186813, -27.448342636546403 ] ] ], [ [ [ -59.035382078478584, -27.44786305156105 ], [ -59.035088205516537, -27.448124077999324 ], [ -59.035516383301633, -27.448507746887234 ], [ -59.035810256354615, -27.448246716853099 ], [ -59.035382078478584, -27.44786305156105 ] ] ] ] } },
{ "type": "Feature", "properties": { "Barrio": "PLAN 40 VIVIENDAS", "Municipio": "Resistencia", "ID": 78, "Área": 6480.02, "Perímetro": 504.0 }, "geometry": { "type": "MultiPolygon", "coordinates": [ [ [ [ -59.042821920387361, -27.450717487745887 ], [ -59.042176855932297, -27.451290509499639 ], [ -59.042433785137476, -27.451520696572139 ], [ -59.043078849657057, -27.45094767635441 ], [ -59.042821920387361, -27.450717487745887 ] ] ], [ [ [ -59.043187408083334, -27.451042251087507 ], [ -59.042542343597219, -27.451615265484406 ], [ -59.042799274290672, -27.451845454617771 ], [ -59.043444338888008, -27.451272436343004 ], [ -59.043187408083334, -27.451042251087507 ] ] ] ] } },
{ "type": "Feature", "properties": { "Barrio": "BARBERAN", "Municipio": "Resistencia", "ID": 79, "Área": 168309.95, "Perímetro": 1947.91 }, "geometry": { "type": "MultiPolygon", "coordinates": [ [ [ [ -59.036957337974918, -27.448458615675111 ], [ -59.035238187710171, -27.449985629372708 ], [ -59.03559379104864, -27.450304273542695 ], [ -59.036453913062687, -27.449540282940593 ], [ -59.038607991624133, -27.451470358197138 ], [ -59.042144043794934, -27.448356812896307 ], [ -59.041972759691326, -27.448203351580272 ], [ -59.04204443608517, -27.4481396807073 ], [ -59.04190170353997, -27.448011799229768 ], [ -59.041830030162373, -27.448075472758283 ], [ -59.03983302175827, -27.446286184084663 ], [ -59.037171424379146, -27.448650447904015 ], [ -59.036957337974918, -27.448458615675111 ] ] ] ] } },
{ "type": "Feature", "properties": { "Barrio": "PLAN 160 VIVIENDAS", "Municipio": "Resistencia", "ID": 80, "Área": 48378.71, "Perímetro": 1430.48 }, "geometry": { "type": "MultiPolygon", "coordinates": [ [ [ [ -59.04075777566176, -27.449751741750742 ], [ -59.036439260211175, -27.453587646413908 ], [ -59.036753274932593, -27.453868998535118 ], [ -59.036518599881113, -27.454077441831046 ], [ -59.036775516168404, -27.454307641772388 ], [ -59.041149522479927, -27.450422450258113 ], [ -59.040864051185579, -27.450166675367488 ], [ -59.041043239621125, -27.450007514091801 ], [ -59.04075777566176, -27.449751741750742 ] ] ] ] } },
{ "type": "Feature", "properties": { "Barrio": "50 VIVIENDAS-RAOTA", "Municipio": "Resistencia", "ID": 81, "Área": 10450.96, "Perímetro": 646.54 }, "geometry": { "type": "MultiPolygon", "coordinates": [ [ [ [ -59.035738806871947, -27.445831033161486 ], [ -59.035444940321185, -27.446092054271794 ], [ -59.036181893509273, -27.446752410831916 ], [ -59.036074379428868, -27.44684791074852 ], [ -59.035337432351554, -27.446187553670722 ], [ -59.03502206109922, -27.446467683250326 ], [ -59.03587840170578, -27.447235017268405 ], [ -59.03659514786203, -27.446598356527559 ], [ -59.035738806871947, -27.445831033161486 ] ] ] ] } },
{ "type": "Feature", "properties": { "Barrio": "100 VIVIENDAS-RAOTA", "Municipio": "Resistencia", "ID": 82, "Área": 21918.16, "Perímetro": 637.51 }, "geometry": { "type": "MultiPolygon", "coordinates": [ [ [ [ -59.03732988174103, -27.445728863775624 ], [ -59.036613145518515, -27.44636552231249 ], [ -59.038170757128476, -27.447762779485078 ], [ -59.038892682292627, -27.447121495346686 ], [ -59.03732988174103, -27.445728863775624 ] ] ] ] } },
{ "type": "Feature", "properties": { "Barrio": "118 VIVIENDAS - RAOTA", "Municipio": "Resistencia", "ID": 83, "Área": 19914.95, "Perímetro": 767.15 }, "geometry": { "type": "MultiPolygon", "coordinates": [ [ [ [ -59.034837074861841, -27.446564512581414 ], [ -59.03437978814415, -27.446970694402552 ], [ -59.035810256354615, -27.448246716853099 ], [ -59.037124409929831, -27.447079413546565 ], [ -59.036696226719272, -27.44669574948762 ], [ -59.035836143243955, -27.447459736287204 ], [ -59.034837074861841, -27.446564512581414 ] ] ] ] } },
{ "type": "Feature", "properties": { "Barrio": "100 VIVIENDAS", "Municipio": "Resistencia", "ID": 84, "Área": 16746.94, "Perímetro": 591.35 }, "geometry": { "type": "MultiPolygon", "coordinates": [ [ [ [ -59.037237877039324, -27.447170626608582 ], [ -59.035914065932459, -27.448345503577318 ], [ -59.036393004830067, -27.448768887747136 ], [ -59.036996840516863, -27.448233533459987 ], [ -59.037315851278287, -27.448522163901909 ], [ -59.038028297440114, -27.447889320197156 ], [ -59.037237877039324, -27.447170626608582 ] ] ] ] } },
{ "type": "Feature", "properties": { "Barrio": "PLAN 140 VIVIENDAS", "Municipio": "Resistencia", "ID": 85, "Área": 46551.55, "Perímetro": 856.71 }, "geometry": { "type": "MultiPolygon", "coordinates": [ [ [ [ -59.041169120135159, -27.450695774097191 ], [ -59.041128634945771, -27.450695696664948 ], [ -59.039592354103426, -27.452060348729574 ], [ -59.039592258685317, -27.452096467104752 ], [ -59.040448678123781, -27.452863771666717 ], [ -59.041062521193354, -27.453413738435412 ], [ -59.041103004332555, -27.453413816793727 ], [ -59.042639286408551, -27.452049148332467 ], [ -59.042639373753246, -27.452013029880874 ], [ -59.041169120135159, -27.450695774097191 ] ] ] ] } },
{ "type": "Feature", "properties": { "Barrio": "10 MAYO", "Municipio": "Resistencia", "ID": 86, "Área": 78402.86, "Perímetro": 4697.0 }, "geometry": { "type": "MultiPolygon", "coordinates": [ [ [ [ -59.019179075140826, -27.465735946984676 ], [ -59.018168152510015, -27.466633492024521 ], [ -59.018553525094852, -27.46697883626948 ], [ -59.019564447971035, -27.466081284867002 ], [ -59.019179075140826, -27.465735946984676 ] ] ], [ [ [ -59.020233069061355, -27.464774673720953 ], [ -59.019261595057138, -27.465637219642264 ], [ -59.019661231822489, -27.465995352144109 ], [ -59.020632710077379, -27.465132804409738 ], [ -59.020233069061355, -27.464774673720953 ] ] ], [ [ [ -59.017915951193658, -27.464603976966721 ], [ -59.016905029231403, -27.465501516591228 ], [ -59.017265409109449, -27.465824482549749 ], [ -59.018276331295681, -27.464926937643568 ], [ -59.017915951193658, -27.464603976966721 ] ] ], [ [ [ -59.019808455711868, -27.464394159016802 ], [ -59.018836977895262, -27.465256701091999 ], [ -59.019193797818502, -27.465576465277305 ], [ -59.020165275856804, -27.464713917143019 ], [ -59.019808455711868, -27.464394159016802 ] ] ], [ [ [ -59.018759820519236, -27.465360223223829 ], [ -59.017748888005237, -27.466257765196868 ], [ -59.018091431738725, -27.466564743357164 ], [ -59.019102365454209, -27.465667198943841 ], [ -59.018759820519236, -27.465360223223829 ] ] ], [ [ [ -59.0183548335322, -27.464997286919811 ], [ -59.017343904221555, -27.465894832336868 ], [ -59.017665040891956, -27.466182621529533 ], [ -59.018675966278536, -27.465285080105673 ], [ -59.0183548335322, -27.464997286919811 ] ] ], [ [ [ -59.016496456085335, -27.464463833189434 ], [ -59.016120046647202, -27.464798019568914 ], [ -59.016826524585078, -27.465431163789088 ], [ -59.017202934177391, -27.465096974627901 ], [ -59.016496456085335, -27.464463833189434 ] ] ], [ [ [ -59.018939615648492, -27.463615535076098 ], [ -59.018624153187673, -27.463895618144242 ], [ -59.019421638428881, -27.464610292918554 ], [ -59.019737098048765, -27.464330201734992 ], [ -59.018939615648492, -27.463615535076098 ] ] ], [ [ [ -59.018559631348268, -27.463952909196319 ], [ -59.01796814236468, -27.464478068507749 ], [ -59.018324956229549, -27.46479783842539 ], [ -59.018916446364422, -27.464272674922661 ], [ -59.018559631348268, -27.463952909196319 ] ] ], [ [ [ -59.019000292948512, -27.46434781784107 ], [ -59.018408802786439, -27.464872981694324 ], [ -59.01876562023827, -27.465192746929485 ], [ -59.019357110515976, -27.464667581584632 ], [ -59.019000292948512, -27.46434781784107 ] ] ], [ [ [ -59.018238696456109, -27.46358855174978 ], [ -59.017543248115757, -27.464206014371001 ], [ -59.017835834043439, -27.464468224607575 ], [ -59.018531282463428, -27.463850764157549 ], [ -59.018238696456109, -27.46358855174978 ] ] ], [ [ [ -59.017862270693676, -27.46325120518263 ], [ -59.017166821573475, -27.463868656021301 ], [ -59.017454051271827, -27.46412607649712 ], [ -59.018149499578151, -27.463508614314293 ], [ -59.017862270693676, -27.46325120518263 ] ] ], [ [ [ -59.018199231945829, -27.462952017172658 ], [ -59.017912454505243, -27.463206647630599 ], [ -59.018597527584689, -27.463820593118292 ], [ -59.018884312133828, -27.463565970344863 ], [ -59.018199231945829, -27.462952017172658 ] ] ], [ [ [ -59.017430386928609, -27.464283942857222 ], [ -59.016935682795406, -27.46472316368574 ], [ -59.017278223707095, -27.465030137442042 ], [ -59.017772924866662, -27.464590919003776 ], [ -59.017430386928609, -27.464283942857222 ] ] ], [ [ [ -59.017066439536599, -27.463957773142731 ], [ -59.016571738536982, -27.464396992720239 ], [ -59.016860753660389, -27.464656007947031 ], [ -59.017355458728723, -27.464216793703759 ], [ -59.017066439536599, -27.463957773142731 ] ] ] ] } },
{ "type": "Feature", "properties": { "Barrio": "ASENTAMIENTO NIÑO JESUS", "Municipio": "Resistencia", "ID": 87, "Área": 21777.98, "Perímetro": 1868.73 }, "geometry": { "type": "MultiPolygon", "coordinates": [ [ [ [ -59.023038962053619, -27.458463755392504 ], [ -59.022691258297229, -27.458772496921391 ], [ -59.023328237589809, -27.459343323522944 ], [ -59.02370261710665, -27.459058495967852 ], [ -59.023038962053619, -27.458463755392504 ] ] ], [ [ [ -59.023270692663012, -27.45944204007619 ], [ -59.02260702461669, -27.458847297383027 ], [ -59.02233460390319, -27.45908919761375 ], [ -59.022948313694464, -27.459639175003684 ], [ -59.023270692663012, -27.45944204007619 ] ] ], [ [ [ -59.022252157070604, -27.459162404184568 ], [ -59.021986902267649, -27.459397940003672 ], [ -59.022579206376854, -27.459928733330585 ], [ -59.022844461233639, -27.459693200010502 ], [ -59.022252157070604, -27.459162404184568 ] ] ], [ [ [ -59.021604598364746, -27.460534966397223 ], [ -59.021821071313717, -27.460601914585148 ], [ -59.022036144512143, -27.460410939232187 ], [ -59.021443840554625, -27.459880146339213 ], [ -59.021171417821932, -27.460122041440751 ], [ -59.02164172380774, -27.460509801320168 ], [ -59.021604598364746, -27.460534966397223 ] ] ], [ [ [ -59.021669076790282, -27.459634325112585 ], [ -59.021489848310132, -27.45979346645592 ], [ -59.022174921261659, -27.460407400020578 ], [ -59.022361287761591, -27.460254646112933 ], [ -59.021669076790282, -27.459634325112585 ] ] ], [ [ [ -59.02193492541145, -27.459444089117714 ], [ -59.021741364612602, -27.459615964462184 ], [ -59.022333668618565, -27.460146761523713 ], [ -59.022555778974947, -27.460000469209319 ], [ -59.02193492541145, -27.459444089117714 ] ] ], [ [ [ -59.020866730507933, -27.460392589273695 ], [ -59.020795037217091, -27.460456245027945 ], [ -59.021355896000578, -27.4609588626757 ], [ -59.021702524651431, -27.460651081852053 ], [ -59.020866730507933, -27.460392589273695 ] ] ], [ [ [ -59.021604414755359, -27.460534910063217 ], [ -59.021139130135083, -27.460150712687774 ], [ -59.020938419702269, -27.460328929842145 ], [ -59.021604414755359, -27.460534910063217 ] ] ], [ [ [ -59.021604414755359, -27.460534910063217 ], [ -59.021604536288095, -27.46053500837218 ], [ -59.021604598364746, -27.460534966397223 ], [ -59.021604414755359, -27.460534910063217 ] ] ] ] } },
{ "type": "Feature", "properties": { "Barrio": "VISTA LINDA", "Municipio": "Resistencia", "ID": 88, "Área": 29024.96, "Perímetro": 2050.0 }, "geometry": { "type": "MultiPolygon", "coordinates": [ [ [ [ -59.022677220341897, -27.460058136933483 ], [ -59.022390460684683, -27.460312767257612 ], [ -59.02335385782731, -27.461176110788362 ], [ -59.023640624779304, -27.460921471343188 ], [ -59.022677220341897, -27.460058136933483 ] ] ], [ [ [ -59.022318768240822, -27.460376430137433 ], [ -59.022032006928484, -27.460631060571195 ], [ -59.022995402926995, -27.461494400219053 ], [ -59.023282172505979, -27.461239765182857 ], [ -59.022318768240822, -27.460376430137433 ] ] ], [ [ [ -59.023752572296125, -27.459103261359267 ], [ -59.023465816560794, -27.459357894956362 ], [ -59.024429214355152, -27.460221221240857 ], [ -59.024715983334822, -27.459966592099846 ], [ -59.023752572296125, -27.459103261359267 ] ] ], [ [ [ -59.0233941263877, -27.459421555730817 ], [ -59.023107361932681, -27.459676187583415 ], [ -59.02407076658784, -27.46053951996706 ], [ -59.024357524120646, -27.460284885210303 ], [ -59.0233941263877, -27.459421555730817 ] ] ], [ [ [ -59.023035677392983, -27.459739850909205 ], [ -59.022748912294382, -27.459994482878574 ], [ -59.023712316793301, -27.460857814093291 ], [ -59.023999074953849, -27.460603181024322 ], [ -59.023035677392983, -27.459739850909205 ] ] ], [ [ [ -59.021960314104639, -27.460694719643616 ], [ -59.021852780337539, -27.460790201449694 ], [ -59.022816184278369, -27.461653548690659 ], [ -59.022923711077013, -27.461558059786654 ], [ -59.021960314104639, -27.460694719643616 ] ] ] ] } },
{ "type": "Feature", "properties": { "Barrio": "FORTALEZA", "Municipio": "Resistencia", "ID": 89, "Área": 10280.23, "Perímetro": 1020.75 }, "geometry": { "type": "MultiPolygon", "coordinates": [ [ [ [ -59.020257168059892, -27.460933826782266 ], [ -59.019841355478533, -27.461303032619579 ], [ -59.020297896014803, -27.461712179036731 ], [ -59.020706750611133, -27.461336723700121 ], [ -59.020257168059892, -27.460933826782266 ] ] ], [ [ [ -59.020848604035834, -27.461310367766416 ], [ -59.020355164466658, -27.461763496790393 ], [ -59.020640610011334, -27.462019310096231 ], [ -59.021163974362388, -27.46155460825209 ], [ -59.021021242762615, -27.461426704843518 ], [ -59.020999737703917, -27.461445805582645 ], [ -59.020848604035834, -27.461310367766416 ] ] ], [ [ [ -59.021089247244134, -27.460744767425098 ], [ -59.020658545102897, -27.461127195409727 ], [ -59.020801454364197, -27.461254936199229 ], [ -59.021232087244655, -27.460872565043843 ], [ -59.021089247244134, -27.460744767425098 ] ] ], [ [ [ -59.020780624582301, -27.460469035751338 ], [ -59.020350473003852, -27.460850983002342 ], [ -59.020493191960298, -27.460978886990965 ], [ -59.020923348582052, -27.460596944755558 ], [ -59.020780624582301, -27.460469035751338 ] ] ], [ [ [ -59.020951897907274, -27.460622522600719 ], [ -59.020521742242501, -27.461004470343891 ], [ -59.020629994677762, -27.4611016211067 ], [ -59.021060226821916, -27.460719606797038 ], [ -59.020951897907274, -27.460622522600719 ] ] ], [ [ [ -59.021047926834278, -27.461143223867857 ], [ -59.020933154866405, -27.461245132117533 ], [ -59.021107894966669, -27.46140185827506 ], [ -59.021215638805067, -27.461293498226826 ], [ -59.021047926834278, -27.461143223867857 ] ] ] ] } },
{ "type": "Feature", "properties": { "Barrio": "ENCANTO", "Municipio": "Resistencia", "ID": 90, "Área": 12237.94, "Perímetro": 910.0 }, "geometry": { "type": "MultiPolygon", "coordinates": [ [ [ [ -59.019545926169371, -27.462201922294209 ], [ -59.018578050140093, -27.463061277005941 ], [ -59.01882781445503, -27.463285115457438 ], [ -59.019795693739162, -27.462425749133324 ], [ -59.019545926169371, -27.462201922294209 ] ] ], [ [ [ -59.019231933538933, -27.461920525912088 ], [ -59.018264061666422, -27.462779884820815 ], [ -59.018506690974576, -27.462997322710475 ], [ -59.019474561940285, -27.462137964841997 ], [ -59.019231933538933, -27.461920525912088 ] ] ], [ [ [ -59.019604742964205, -27.461589513172839 ], [ -59.01933947669604, -27.461825046275742 ], [ -59.019903230908184, -27.462330263611971 ], [ -59.020168497178389, -27.462094738475347 ], [ -59.019604742964205, -27.461589513172839 ] ] ] ] } },
{ "type": "Feature", "properties": { "Barrio": "ASENTAMIENTO 28 DE NOVIEMBRE", "Municipio": "Resistencia", "ID": 91, "Área": 17069.05, "Perímetro": 1191.0 }, "geometry": { "type": "MultiPolygon", "coordinates": [ [ [ [ -59.019226659569348, -27.463121958864043 ], [ -59.01892052556606, -27.463393775948408 ], [ -59.019883916923703, -27.464257133149342 ], [ -59.020190055070763, -27.46398532122759 ], [ -59.019226659569348, -27.463121958864043 ] ] ], [ [ [ -59.020989188804236, -27.464205178524573 ], [ -59.020404877513585, -27.464723984835668 ], [ -59.020747424219223, -27.465030956596951 ], [ -59.02133173561927, -27.464512148871314 ], [ -59.020989188804236, -27.464205178524573 ] ] ], [ [ [ -59.019504836414058, -27.462874972157579 ], [ -59.019298354498332, -27.463058304002931 ], [ -59.02026175006948, -27.463921662269122 ], [ -59.020468228047903, -27.463738328989532 ], [ -59.019504836414058, -27.462874972157579 ] ] ], [ [ [ -59.020610954799984, -27.463866232934517 ], [ -59.020026643630167, -27.464385037683734 ], [ -59.020333511165667, -27.464660031400211 ], [ -59.020917822377697, -27.464141231699969 ], [ -59.020610954799984, -27.463866232934517 ] ] ] ] } },
{ "type": "Feature", "properties": { "Barrio": "NUEVA", "Municipio": "Resistencia", "ID": 92, "Área": 57209.95, "Perímetro": 3131.4 }, "geometry": { "type": "MultiPolygon", "coordinates": [ [ [ [ -59.014305650308884, -27.474473308492438 ], [ -59.013516894225127, -27.47517349189205 ], [ -59.014301927100433, -27.475877004029609 ], [ -59.015090683557773, -27.475176812643578 ], [ -59.014305650308884, -27.474473308492438 ] ] ], [ [ [ -59.01509034700193, -27.475304421114416 ], [ -59.014373296877586, -27.475940960553718 ], [ -59.015051291763847, -27.476548528937005 ], [ -59.015768342107791, -27.475911991474781 ], [ -59.01509034700193, -27.475304421114416 ] ] ], [ [ [ -59.015960287431163, -27.47301013233314 ], [ -59.015243257506292, -27.473646670666106 ], [ -59.015637913495333, -27.474000339782872 ], [ -59.01635495065733, -27.473363799499602 ], [ -59.015960287431163, -27.47301013233314 ] ] ], [ [ [ -59.016507225516413, -27.47404661665902 ], [ -59.016094209569211, -27.474413262887374 ], [ -59.016772202014636, -27.475020828414962 ], [ -59.01718522119878, -27.474654174814766 ], [ -59.016507225516413, -27.47404661665902 ] ] ], [ [ [ -59.014701251883842, -27.474126446907871 ], [ -59.014378578282923, -27.474412885714077 ], [ -59.015092246871802, -27.475052438786072 ], [ -59.015414917612866, -27.474765992916733 ], [ -59.014701251883842, -27.474126446907871 ] ] ], [ [ [ -59.015096662005654, -27.473775237013282 ], [ -59.014773997539962, -27.474061675951898 ], [ -59.015487662228594, -27.474701227902724 ], [ -59.015810333934631, -27.47441478377716 ], [ -59.015096662005654, -27.473775237013282 ] ] ], [ [ [ -59.015954637625669, -27.474540304238445 ], [ -59.015237590389802, -27.47517684209312 ], [ -59.01554090241882, -27.475448652069378 ], [ -59.016257946795584, -27.474812106339694 ], [ -59.015954637625669, -27.474540304238445 ] ] ], [ [ [ -59.016336112262024, -27.474877591568276 ], [ -59.015619070919776, -27.4755141377168 ], [ -59.015922381822293, -27.475785941462483 ], [ -59.016639422216429, -27.475149400085488 ], [ -59.016336112262024, -27.474877591568276 ] ] ], [ [ [ -59.0163999055613, -27.473404086250142 ], [ -59.015682875406881, -27.474040633127455 ], [ -59.015956922445291, -27.474286213933556 ], [ -59.016673960744761, -27.473649672040501 ], [ -59.0163999055613, -27.473404086250142 ] ] ], [ [ [ -59.016811246945977, -27.473776719390052 ], [ -59.016564587727963, -27.473995690177745 ], [ -59.017242579305048, -27.474603257053005 ], [ -59.017489239650622, -27.474384282383408 ], [ -59.016811246945977, -27.473776719390052 ] ] ] ] } },
{ "type": "Feature", "properties": { "Barrio": "JUAN D. PERON", "Municipio": "Resistencia", "ID": 93, "Área": 122275.03, "Perímetro": 2800.0 }, "geometry": { "type": "MultiPolygon", "coordinates": [ [ [ [ -59.020497324792032, -27.468973501867961 ], [ -59.017844444176106, -27.47132877012579 ], [ -59.018629479919724, -27.472032257353149 ], [ -59.016872781610175, -27.473591809974373 ], [ -59.01762214625424, -27.474263326669561 ], [ -59.022031721096333, -27.470348462249195 ], [ -59.020497324792032, -27.468973501867961 ] ] ], [ [ [ -59.018083540968973, -27.471845095490277 ], [ -59.017366530650385, -27.472481645382604 ], [ -59.017676261593984, -27.47275920801118 ], [ -59.01839327512532, -27.472122650254331 ], [ -59.018083540968973, -27.471845095490277 ] ] ], [ [ [ -59.017222720748208, -27.47260639508406 ], [ -59.016505700555207, -27.473242940214991 ], [ -59.016815437462213, -27.47352049935721 ], [ -59.017532458788835, -27.472883952663537 ], [ -59.017222720748208, -27.47260639508406 ] ] ], [ [ [ -59.016818786284638, -27.472244404662252 ], [ -59.01610176512709, -27.47288096037099 ], [ -59.01639864954069, -27.473147012023052 ], [ -59.017115669747575, -27.472510461118581 ], [ -59.016818786284638, -27.472244404662252 ] ] ], [ [ [ -59.017679612269703, -27.471483119298966 ], [ -59.016962595028822, -27.472119667094081 ], [ -59.017259479590514, -27.472385716939712 ], [ -59.017976489922994, -27.471749161273834 ], [ -59.017679612269703, -27.471483119298966 ] ] ] ] } },
{ "type": "Feature", "properties": { "Barrio": "PLAN 54 VIVIENDAS", "Municipio": "Resistencia", "ID": 94, "Área": 11549.91, "Perímetro": 650.0 }, "geometry": { "type": "MultiPolygon", "coordinates": [ [ [ [ -59.002636791944639, -27.476680700757559 ], [ -59.002226313789812, -27.477045010958218 ], [ -59.003011285715552, -27.477748581424997 ], [ -59.003421768097454, -27.477384268975438 ], [ -59.002636791944639, -27.476680700757559 ] ] ], [ [ [ -59.002118740037986, -27.47714048269675 ], [ -59.001776232870434, -27.477444461574777 ], [ -59.00256121269156, -27.478148034597204 ], [ -59.002903712928088, -27.477844053767754 ], [ -59.002118740037986, -27.47714048269675 ] ] ] ] } },
{ "type": "Feature", "properties": { "Barrio": "40 VIVIENDAS", "Municipio": "Resistencia", "ID": 95, "Área": 8499.95, "Perímetro": 570.0 }, "geometry": { "type": "MultiPolygon", "coordinates": [ [ [ [ -59.004432756040927, -27.475222364221342 ], [ -59.00371564708594, -27.475858840844939 ], [ -59.004018930790579, -27.476130676096179 ], [ -59.004736040935562, -27.475494191626279 ], [ -59.004432756040927, -27.475222364221342 ] ] ], [ [ [ -59.004843083694006, -27.475590134863833 ], [ -59.004125974574556, -27.476226613567547 ], [ -59.004429257315309, -27.476498441626362 ], [ -59.005146373637771, -27.475861961435815 ], [ -59.004843083694006, -27.475590134863833 ] ] ] ] } },
{ "type": "Feature", "properties": { "Barrio": "COSECHA", "Municipio": "Resistencia", "ID": 96, "Área": 10200.01, "Perímetro": 650.0 }, "geometry": { "type": "MultiPolygon", "coordinates": [ [ [ [ -59.005729590541122, -27.4771181311379 ], [ -59.005424814511798, -27.477388635951016 ], [ -59.006281169974827, -27.478156153083745 ], [ -59.006585949184739, -27.477885646447167 ], [ -59.005729590541122, -27.4771181311379 ] ] ], [ [ [ -59.006141931218828, -27.476752150712901 ], [ -59.005837154168901, -27.477022656474649 ], [ -59.006693512863826, -27.47779017113271 ], [ -59.006998287024288, -27.477519663504204 ], [ -59.006141931218828, -27.476752150712901 ] ] ] ] } },
{ "type": "Feature", "properties": { "Barrio": "ASENTAMIENTO AROMITO", "Municipio": "Resistencia", "ID": 97, "Área": 10000.05, "Perímetro": 600.0 }, "geometry": { "type": "MultiPolygon", "coordinates": [ [ [ [ -59.007554731971588, -27.478020057668203 ], [ -59.0068376136769, -27.478656550061114 ], [ -59.007208680347439, -27.478989180259678 ], [ -59.00792572442014, -27.478352630411699 ], [ -59.007554731971588, -27.478020057668203 ] ] ], [ [ [ -59.00714075602373, -27.477649044650331 ], [ -59.006423706250779, -27.478285584159707 ], [ -59.006766254775883, -27.478592589824387 ], [ -59.007483372062701, -27.477956094176843 ], [ -59.00714075602373, -27.477649044650331 ] ] ] ] } },
{ "type": "Feature", "properties": { "Barrio": "ASENTAMIENTO RESISTIRE", "Municipio": "Resistencia", "ID": 98, "Área": 42720.21, "Perímetro": 2595.5 }, "geometry": { "type": "MultiPolygon", "coordinates": [ [ [ [ -59.008095927046696, -27.481650187060495 ], [ -59.007593933309238, -27.482095733428523 ], [ -59.008229101751226, -27.482664964130805 ], [ -59.00873109867689, -27.482219418236927 ], [ -59.008095927046696, -27.481650187060495 ] ] ], [ [ [ -59.007684189777152, -27.480475294162961 ], [ -59.007304109622595, -27.480812634303295 ], [ -59.008110547650155, -27.481535372325272 ], [ -59.0084906280076, -27.481198026408684 ], [ -59.007684189777152, -27.480475294162961 ] ] ], [ [ [ -59.008135973003469, -27.480074307064182 ], [ -59.007755896613361, -27.480411648537476 ], [ -59.008562345049469, -27.481134374130342 ], [ -59.008942419586582, -27.480797030475564 ], [ -59.008135973003469, -27.480074307064182 ] ] ], [ [ [ -59.008547724947455, -27.481249192542492 ], [ -59.008167644610303, -27.481586535003341 ], [ -59.00880281322263, -27.482155766738405 ], [ -59.009182893702054, -27.481818421668383 ], [ -59.008547724947455, -27.481249192542492 ] ] ], [ [ [ -59.008999509426602, -27.480848199985786 ], [ -59.00861943184232, -27.481185543772334 ], [ -59.009254603657304, -27.481754772597807 ], [ -59.009634678340568, -27.481417427082821 ], [ -59.008999509426602, -27.480848199985786 ] ] ], [ [ [ -59.006658689513849, -27.481385480592355 ], [ -59.006379001050561, -27.481633708292211 ], [ -59.007183660156734, -27.482354850754014 ], [ -59.007463342707553, -27.482106617810484 ], [ -59.006658689513849, -27.481385480592355 ] ] ], [ [ [ -59.007632046188569, -27.481234456247236 ], [ -59.007130051544728, -27.481680003668565 ], [ -59.00753684348156, -27.482044566960152 ], [ -59.008038834143719, -27.481599023480015 ], [ -59.007632046188569, -27.481234456247236 ] ] ], [ [ [ -59.007522221156236, -27.4821593852113 ], [ -59.007242535585398, -27.482407615542691 ], [ -59.007877703878961, -27.482976850529965 ], [ -59.008157393595511, -27.482728618971354 ], [ -59.007522221156236, -27.4821593852113 ] ] ], [ [ [ -59.007232395104282, -27.480876288651135 ], [ -59.006730397585599, -27.481321829218547 ], [ -59.007058680462222, -27.48161604348082 ], [ -59.00756067812123, -27.481170496334478 ], [ -59.007232395104282, -27.480876288651135 ] ] ] ] } },
{ "type": "Feature", "properties": { "Barrio": "EMERENCIANO", "Municipio": "Resistencia", "ID": 99, "Área": 13759.89, "Perímetro": 1047.99 }, "geometry": { "type": "MultiPolygon", "coordinates": [ [ [ [ -59.012014550352752, -27.480384439602229 ], [ -59.01129744521441, -27.481020955061251 ], [ -59.01158292042394, -27.481276787018288 ], [ -59.012300028767001, -27.480640263817318 ], [ -59.012014550352752, -27.480384439602229 ] ] ], [ [ [ -59.011622022098805, -27.48003267939405 ], [ -59.010904921163068, -27.480669192891707 ], [ -59.011190391523677, -27.480925025597156 ], [ -59.011907451807282, -27.480288543750106 ], [ -59.011622022098805, -27.48003267939405 ] ] ], [ [ [ -59.012442763888011, -27.480768178840627 ], [ -59.012213289998257, -27.480971864401091 ], [ -59.012855615274901, -27.481547472385742 ], [ -59.013085089270263, -27.481343783076269 ], [ -59.012442763888011, -27.480768178840627 ] ] ], [ [ [ -59.011955131196238, -27.481201015361655 ], [ -59.01172565857977, -27.48140469647069 ], [ -59.012367983683191, -27.481980306669868 ], [ -59.012597456469727, -27.481776614593386 ], [ -59.011955131196238, -27.481201015361655 ] ] ] ] } },
{ "type": "Feature", "properties": { "Barrio": "M.T.D", "Municipio": "Resistencia", "ID": 100, "Área": 61974.47, "Perímetro": 3658.44 }, "geometry": { "type": "MultiPolygon", "coordinates": [ [ [ [ -59.009372504863776, -27.482029345693689 ], [ -59.009007988410367, -27.482352887711411 ], [ -59.00973352181289, -27.483003082033317 ], [ -59.010098038356546, -27.482679544461799 ], [ -59.009372504863776, -27.482029345693689 ] ] ], [ [ [ -59.011084821577228, -27.481956452090749 ], [ -59.010720304212526, -27.482279992375709 ], [ -59.011445850539907, -27.482930178052477 ], [ -59.011810361972771, -27.48260663675681 ], [ -59.011084821577228, -27.481956452090749 ] ] ], [ [ [ -59.009282533471108, -27.483556124321723 ], [ -59.008918011611115, -27.483879663187114 ], [ -59.009643550131337, -27.484529858059286 ], [ -59.010008072130042, -27.484206318226178 ], [ -59.009282533471108, -27.483556124321723 ] ] ], [ [ [ -59.009733107338882, -27.483156209270071 ], [ -59.009368592191457, -27.483479745823143 ], [ -59.010094127857975, -27.484129938362219 ], [ -59.010458654272995, -27.483806400920642 ], [ -59.009733107338882, -27.483156209270071 ] ] ], [ [ [ -59.010724205662214, -27.480829595152631 ], [ -59.010359697196961, -27.481153131048828 ], [ -59.011085228051861, -27.481803324731356 ], [ -59.01144973672006, -27.48147978064927 ], [ -59.010724205662214, -27.480829595152631 ] ] ], [ [ [ -59.009823080080231, -27.481629433758311 ], [ -59.009458559266903, -27.481952967068334 ], [ -59.010184096897653, -27.482603159107686 ], [ -59.010548609764058, -27.482279623870234 ], [ -59.009823080080231, -27.481629433758311 ] ] ], [ [ [ -59.010273643980597, -27.481229516588925 ], [ -59.00990913386174, -27.481553054833643 ], [ -59.010634663580184, -27.482203244504124 ], [ -59.010999174857368, -27.481879704396768 ], [ -59.010273643980597, -27.481229516588925 ] ] ], [ [ [ -59.0106342503923, -27.482356371793898 ], [ -59.010269736488809, -27.482679908147187 ], [ -59.010995282635079, -27.483330096135361 ], [ -59.011359796685092, -27.483006557912137 ], [ -59.0106342503923, -27.482356371793898 ] ] ], [ [ [ -59.008471356685639, -27.482829178483211 ], [ -59.008106835054576, -27.483152708039519 ], [ -59.00883237112906, -27.483802907005828 ], [ -59.009196892907084, -27.48347937557957 ], [ -59.008471356685639, -27.482829178483211 ] ] ], [ [ [ -59.008921930350461, -27.48242926601581 ], [ -59.008557411352676, -27.482752796840209 ], [ -59.009282948612409, -27.483402994404585 ], [ -59.00964746776517, -27.483079460807954 ], [ -59.008921930350461, -27.48242926601581 ] ] ], [ [ [ -59.010183681966282, -27.482756296289079 ], [ -59.009819165437584, -27.483079830472132 ], [ -59.010544708359419, -27.483730021652448 ], [ -59.01090922504283, -27.483406484697156 ], [ -59.010183681966282, -27.482756296289079 ] ] ], [ [ [ -59.011544944008456, -27.481565099787442 ], [ -59.011170874775829, -27.481880072373219 ], [ -59.011896415213968, -27.48253025569559 ], [ -59.012260923989416, -27.482206715839009 ], [ -59.011544944008456, -27.481565099787442 ] ] ] ] } },
{ "type": "Feature", "properties": { "Barrio": "ASENTAMIENTO CARPINCHO MACHO", "Municipio": "Resistencia", "ID": 101, "Área": 7999.91, "Perímetro": 560.0 }, "geometry": { "type": "MultiPolygon", "coordinates": [ [ [ [ -59.046473786511058, -27.458654478805631 ], [ -59.045757015317378, -27.459291183338689 ], [ -59.046042518071012, -27.459546942421696 ], [ -59.046759283350248, -27.458910230987147 ], [ -59.046473786511058, -27.458654478805631 ] ] ], [ [ [ -59.046902042309185, -27.459038115057606 ], [ -59.04618527096126, -27.459674820857447 ], [ -59.046470771691979, -27.45993057365737 ], [ -59.047187544167116, -27.459293865516052 ], [ -59.046902042309185, -27.459038115057606 ] ] ] ] } },
{ "type": "Feature", "properties": { "Barrio": "STM (100 VIVIENDAS)", "Municipio": "Resistencia", "ID": 102, "Área": 22403.13, "Perímetro": 1535.31 }, "geometry": { "type": "MultiPolygon", "coordinates": [ [ [ [ -59.04770031835578, -27.456026976094556 ], [ -59.047283158226435, -27.45639752212028 ], [ -59.047996922540058, -27.457036929108856 ], [ -59.048414066851826, -27.456666356506155 ], [ -59.04770031835578, -27.456026976094556 ] ] ], [ [ [ -59.048556817894195, -27.45679423794531 ], [ -59.048139673628555, -27.457164801945613 ], [ -59.04885343076046, -27.457804189269552 ], [ -59.049270582340583, -27.457433614190588 ], [ -59.048556817894195, -27.45679423794531 ] ] ], [ [ [ -59.049413332402224, -27.457561485744268 ], [ -59.048996190898016, -27.457932062215388 ], [ -59.049567204296743, -27.458443564118841 ], [ -59.049984344906825, -27.458072986860024 ], [ -59.049413332402224, -27.457561485744268 ] ] ], [ [ [ -59.049825458070039, -27.45719536933106 ], [ -59.049556679075351, -27.45743414370952 ], [ -59.050127698734364, -27.457945640685928 ], [ -59.050396471709696, -27.457706868790847 ], [ -59.049825458070039, -27.45719536933106 ] ] ], [ [ [ -59.049907311150385, -27.456597350207442 ], [ -59.049391263908142, -27.457055789118371 ], [ -59.049186055973287, -27.456871968523277 ], [ -59.049057042225925, -27.456986579990733 ], [ -59.049413925999445, -27.457306268670475 ], [ -59.050058989108265, -27.456733213818225 ], [ -59.049907311150385, -27.456597350207442 ] ] ], [ [ [ -59.050201742240255, -27.456861087304283 ], [ -59.049932964843592, -27.457099865168384 ], [ -59.050061860201133, -27.457215327855977 ], [ -59.050330577344106, -27.456976500608288 ], [ -59.050201742240255, -27.456861087304283 ] ] ] ] } },
{ "type": "Feature", "properties": { "Barrio": "PLAN 44 VIVIENDAS", "Municipio": "Resistencia", "ID": 103, "Área": 9262.47, "Perímetro": 575.0 }, "geometry": { "type": "MultiPolygon", "coordinates": [ [ [ [ -59.048777673491159, -27.454114820086559 ], [ -59.048096776953528, -27.454719700963143 ], [ -59.048489334245083, -27.455071360251218 ], [ -59.049170226831031, -27.454466482872327 ], [ -59.048777673491159, -27.454114820086559 ] ] ], [ [ [ -59.049320508605383, -27.454587079587913 ], [ -59.048639619034439, -27.455191964030099 ], [ -59.048942958243501, -27.455463697272101 ], [ -59.049623851914731, -27.454858817714367 ], [ -59.049320508605383, -27.454587079587913 ] ] ] ] } },
{ "type": "Feature", "properties": { "Barrio": "PLAN 92 VIVIENDAS", "Municipio": "Resistencia", "ID": 104, "Área": 17943.97, "Perímetro": 1236.79 }, "geometry": { "type": "MultiPolygon", "coordinates": [ [ [ [ -59.04122179538421, -27.459081995701418 ], [ -59.042037875866903, -27.459813100896678 ], [ -59.042078358318875, -27.459813179010403 ], [ -59.042342428885014, -27.459578623790232 ], [ -59.042342515345211, -27.459542511689214 ], [ -59.041526434777275, -27.458811402836872 ], [ -59.041485949662317, -27.458811324551164 ], [ -59.041221883238897, -27.459045880907919 ], [ -59.04122179538421, -27.459081995701418 ] ] ], [ [ [ -59.042339504180589, -27.458053458452884 ], [ -59.042075441369192, -27.458288016545826 ], [ -59.042075354859463, -27.458324125943939 ], [ -59.042891435643917, -27.459055234337789 ], [ -59.042931914793101, -27.459055312175487 ], [ -59.043195983793467, -27.45882075252613 ], [ -59.04319607103303, -27.458784634104333 ], [ -59.042379982966111, -27.458053535539332 ], [ -59.042339504180589, -27.458053458452884 ] ] ], [ [ [ -59.041663199002997, -27.458690217693675 ], [ -59.042479280612604, -27.459421329373566 ], [ -59.042519762925878, -27.459421407355325 ], [ -59.042783833670804, -27.45918684854432 ], [ -59.042783913913716, -27.459150736395614 ], [ -59.041967833160264, -27.458419629186338 ], [ -59.041927351210681, -27.458419551955814 ], [ -59.041663286654824, -27.458654109210382 ], [ -59.041663199002997, -27.458690217693675 ] ] ], [ [ [ -59.041793732267955, -27.460066708906773 ], [ -59.04193472677931, -27.459941475755638 ], [ -59.041934813384245, -27.459905362757837 ], [ -59.041118732987918, -27.459174251554302 ], [ -59.041078250779009, -27.459174173167586 ], [ -59.04093724922005, -27.459299409025885 ], [ -59.041793732267955, -27.460066708906773 ] ] ] ] } },
{ "type": "Feature", "properties": { "Barrio": "PLAN 48 VIVIENDAS", "Municipio": "Resistencia", "ID": 105, "Área": 10167.88, "Perímetro": 636.74 }, "geometry": { "type": "MultiPolygon", "coordinates": [ [ [ [ -59.043240118293468, -27.45728951411396 ], [ -59.043199636751687, -27.457289436361496 ], [ -59.042935580638634, -27.457523993517736 ], [ -59.042935490348448, -27.457560105606643 ], [ -59.043751571575193, -27.458291200919611 ], [ -59.043792054507712, -27.458291277625637 ], [ -59.044056119812879, -27.45805672254307 ], [ -59.044056206732392, -27.458020607718904 ], [ -59.043240118293468, -27.45728951411396 ] ] ], [ [ [ -59.042827971135246, -27.457655610470635 ], [ -59.042787492498363, -27.457655532615814 ], [ -59.042523431614264, -27.457890088010657 ], [ -59.04252334522382, -27.457926201024069 ], [ -59.043339426272318, -27.458657298713739 ], [ -59.043379908322912, -27.458657375536021 ], [ -59.043643972338053, -27.458422821270865 ], [ -59.04364405232328, -27.458386705501333 ], [ -59.042827971135246, -27.457655610470635 ] ] ] ] } },
{ "type": "Feature", "properties": { "Barrio": "PLAN 160 VIVIENDAS", "Municipio": "Resistencia", "ID": 106, "Área": 34231.76, "Perímetro": 2205.98 }, "geometry": { "type": "MultiPolygon", "coordinates": [ [ [ [ -59.044114388389808, -27.456520185214291 ], [ -59.044073907120229, -27.456520107723101 ], [ -59.043809851631785, -27.456754669342807 ], [ -59.043809764646234, -27.456790784171272 ], [ -59.044625846302829, -27.45752187444338 ], [ -59.044666328955309, -27.457521951790408 ], [ -59.044930390609018, -27.457287391321238 ], [ -59.044930470131256, -27.457251279143676 ], [ -59.044114388389808, -27.456520185214291 ] ] ], [ [ [ -59.044558884559798, -27.456124118046343 ], [ -59.044518402418952, -27.456124040681079 ], [ -59.044254348814761, -27.456358603204844 ], [ -59.044254263013315, -27.456394715339332 ], [ -59.045070344798638, -27.457125809364356 ], [ -59.045110826307194, -27.457125885669249 ], [ -59.045374880023189, -27.45689132244981 ], [ -59.045374966453274, -27.456855213021761 ], [ -59.044558884559798, -27.456124118046343 ] ] ], [ [ [ -59.044973959351978, -27.455756780252617 ], [ -59.044933481387062, -27.455756703039185 ], [ -59.044669429559498, -27.455991263699957 ], [ -59.044669343897439, -27.456027375840041 ], [ -59.045485425871746, -27.456758467471694 ], [ -59.045525903204343, -27.456758543624787 ], [ -59.045789962255085, -27.456523978707594 ], [ -59.045790041512035, -27.456487863811578 ], [ -59.044973959351978, -27.455756780252617 ] ] ], [ [ [ -59.043699922779396, -27.45688612852096 ], [ -59.043659441380328, -27.456886050905883 ], [ -59.043395387177604, -27.457120611703743 ], [ -59.043395301064365, -27.457156726533562 ], [ -59.044211382526051, -27.457887819195477 ], [ -59.044251861262076, -27.457887896638624 ], [ -59.044515918595621, -27.457653336970498 ], [ -59.044516004325935, -27.457617224840149 ], [ -59.043699922779396, -27.45688612852096 ] ] ], [ [ [ -59.045503155378753, -27.455286318340125 ], [ -59.046319237709888, -27.456017405163735 ], [ -59.046359715791688, -27.456017481074557 ], [ -59.046598684703568, -27.455805200870898 ], [ -59.046598769765595, -27.455769085103224 ], [ -59.045782680202663, -27.455038003452227 ], [ -59.045742203503593, -27.45503792648741 ], [ -59.045503240760858, -27.455250206188797 ], [ -59.045503155378753, -27.455286318340125 ] ] ], [ [ [ -59.045392685312365, -27.455382832872843 ], [ -59.045352204437592, -27.45538275666609 ], [ -59.045113241247279, -27.455595032047608 ], [ -59.045113154722742, -27.455631144186743 ], [ -59.045929236928615, -27.456362226942851 ], [ -59.045969718166859, -27.456362302991032 ], [ -59.046208682445702, -27.456150029779558 ], [ -59.046208767638674, -27.456113914017106 ], [ -59.045392685312365, -27.455382832872843 ] ] ], [ [ [ -59.045922186936529, -27.454908533602833 ], [ -59.046738269416295, -27.455639617107416 ], [ -59.046778757471294, -27.455639693864484 ], [ -59.047011980979718, -27.455432507160403 ], [ -59.047012065902933, -27.455396391387119 ], [ -59.046195983281997, -27.454665312168228 ], [ -59.046155502669009, -27.454665235299302 ], [ -59.045922272177897, -27.454872421445824 ], [ -59.045922186936529, -27.454908533602833 ] ] ] ] } },
{ "type": "Feature", "properties": { "Barrio": "CARPINCHO MACHO", "Municipio": "Resistencia", "ID": 107, "Área": 272455.86, "Perímetro": 13246.71 }, "geometry": { "type": "MultiPolygon", "coordinates": [ [ [ [ -59.048025093491511, -27.454783374829994 ], [ -59.0472366885569, -27.455483757591644 ], [ -59.048075336840917, -27.456235037498363 ], [ -59.048863749211677, -27.455534649210907 ], [ -59.048025093491511, -27.454783374829994 ] ] ], [ [ [ -59.044753522437475, -27.460182560695831 ], [ -59.04403673148569, -27.46081925483 ], [ -59.044750494214277, -27.461458662897169 ], [ -59.045467285436658, -27.460821965147559 ], [ -59.044753522437475, -27.460182560695831 ] ] ], [ [ [ -59.048178928261997, -27.458641750975708 ], [ -59.047462172745917, -27.459278463676981 ], [ -59.048175940093216, -27.459917854535632 ], [ -59.048892702001851, -27.459281131944447 ], [ -59.048178928261997, -27.458641750975708 ] ] ], [ [ [ -59.047318815181441, -27.459405806968373 ], [ -59.046602049782656, -27.460042514922179 ], [ -59.047315816829681, -27.460681907412223 ], [ -59.048032588621432, -27.460045189568444 ], [ -59.047318815181441, -27.459405806968373 ] ] ], [ [ [ -59.043878247272573, -27.462461976691376 ], [ -59.0431614422846, -27.463098671967266 ], [ -59.043875208088117, -27.463738075495801 ], [ -59.044592019361737, -27.463101382961995 ], [ -59.043878247272573, -27.462461976691376 ] ] ], [ [ [ -59.04217974649989, -27.460933263232427 ], [ -59.041462935132103, -27.461569948955244 ], [ -59.042176688370432, -27.462209360874571 ], [ -59.042893491870728, -27.461572676894466 ], [ -59.04217974649989, -27.460933263232427 ] ] ], [ [ [ -59.043893374116841, -27.460946594457688 ], [ -59.043176579296194, -27.461583290200842 ], [ -59.043890335708419, -27.462222693541833 ], [ -59.044607136814612, -27.461586000541004 ], [ -59.043893374116841, -27.460946594457688 ] ] ], [ [ [ -59.046458696310651, -27.460169857305551 ], [ -59.0457419149053, -27.460806566786108 ], [ -59.046455681682779, -27.461445957298423 ], [ -59.047172463303731, -27.460809250518661 ], [ -59.046458696310651, -27.460169857305551 ] ] ], [ [ [ -59.044738414873933, -27.461697943538454 ], [ -59.044021612744011, -27.462334637198776 ], [ -59.04473537881811, -27.462974042704591 ], [ -59.04545218026152, -27.46233733910552 ], [ -59.044738414873933, -27.461697943538454 ] ] ], [ [ [ -59.045620311074977, -27.457877136600843 ], [ -59.04490353928567, -27.458513835905173 ], [ -59.045617293770292, -27.459153236786978 ], [ -59.046334054757665, -27.458516527475187 ], [ -59.045620311074977, -27.457877136600843 ] ] ], [ [ [ -59.04561365887502, -27.45941852394267 ], [ -59.04489687779855, -27.460055223727643 ], [ -59.045610636883467, -27.460694618405444 ], [ -59.046327419233911, -27.460057915914394 ], [ -59.04561365887502, -27.45941852394267 ] ] ], [ [ [ -59.046480419282361, -27.45711309090137 ], [ -59.04576365838652, -27.457749794960367 ], [ -59.046477405157695, -27.458389185132532 ], [ -59.047194167334965, -27.457752477465515 ], [ -59.046480419282361, -27.45711309090137 ] ] ], [ [ [ -59.045598563533787, -27.46093390463836 ], [ -59.044881771287798, -27.461570603047459 ], [ -59.045595533694865, -27.462209997870627 ], [ -59.046312326211165, -27.461573295846023 ], [ -59.045598563533787, -27.46093390463836 ] ] ], [ [ [ -59.04304270405229, -27.460167032537449 ], [ -59.042325902590569, -27.46080372392742 ], [ -59.043019262377911, -27.461425111880601 ], [ -59.043059749482509, -27.461425188849582 ], [ -59.043756449720298, -27.460806445456182 ], [ -59.04304270405229, -27.460167032537449 ] ] ], [ [ [ -59.043033213881422, -27.461710628837018 ], [ -59.042316409231425, -27.46234731351467 ], [ -59.043009966142471, -27.462968626214323 ], [ -59.043050449710229, -27.462968709488795 ], [ -59.043746976308618, -27.462350032942812 ], [ -59.043033213881422, -27.461710628837018 ] ] ], [ [ [ -59.048888676394633, -27.458027570975069 ], [ -59.048329608347657, -27.458524210469129 ], [ -59.049043376153882, -27.459163593344609 ], [ -59.049602443445615, -27.45866694560997 ], [ -59.048888676394633, -27.458027570975069 ] ] ], [ [ [ -59.048032158154378, -27.457260310949998 ], [ -59.047473094413185, -27.457756946185778 ], [ -59.04818685839836, -27.458396334213063 ], [ -59.048745916257374, -27.457899698823095 ], [ -59.048032158154378, -27.457260310949998 ] ] ], [ [ [ -59.047175659840867, -27.456493048637874 ], [ -59.046616595309487, -27.45698968409253 ], [ -59.047330343398073, -27.457629069969716 ], [ -59.047889407128231, -27.457132431688596 ], [ -59.047175659840867, -27.456493048637874 ] ] ], [ [ [ -59.049345231446623, -27.456093841597539 ], [ -59.04870016054204, -27.456666886825044 ], [ -59.049057042225925, -27.456986579990733 ], [ -59.049186055973287, -27.456871968523277 ], [ -59.049391263908142, -27.457055789118371 ], [ -59.049907311150385, -27.456597350207442 ], [ -59.049345231446623, -27.456093841597539 ] ] ], [ [ [ -59.042525961035679, -27.459717385482456 ], [ -59.041809160693617, -27.460354074258536 ], [ -59.042201718849192, -27.46070575371035 ], [ -59.042918516251454, -27.460069069241168 ], [ -59.042525961035679, -27.459717385482456 ] ] ], [ [ [ -59.044246241446736, -27.458189331566651 ], [ -59.043529459913096, -27.458826023517467 ], [ -59.043922019461611, -27.459177695497157 ], [ -59.044638800132688, -27.458541001551119 ], [ -59.044246241446736, -27.458189331566651 ] ] ], [ [ [ -59.041665801457626, -27.460481411551342 ], [ -59.040948991286896, -27.461118089261657 ], [ -59.041341549286479, -27.461469768392707 ], [ -59.042058359606706, -27.460833088693903 ], [ -59.041665801457626, -27.460481411551342 ] ] ], [ [ [ -59.045106365393146, -27.457425294718508 ], [ -59.044389593741613, -27.458061991417594 ], [ -59.044761948661758, -27.458395575269183 ], [ -59.044802430623236, -27.458395652577874 ], [ -59.045478634048052, -27.457794986108553 ], [ -59.04547872657006, -27.457758871311924 ], [ -59.045106365393146, -27.457425294718508 ] ] ], [ [ [ -59.045966477504763, -27.456661249465974 ], [ -59.045269999771534, -27.457279932524472 ], [ -59.045269914236279, -27.457316050979465 ], [ -59.04562207084782, -27.45763152979449 ], [ -59.045662555635488, -27.457631599648341 ], [ -59.046359033513077, -27.457012914657962 ], [ -59.045966477504763, -27.456661249465974 ] ] ], [ [ [ -59.04375837949565, -27.459323053237675 ], [ -59.043758466510866, -27.459286940227308 ], [ -59.043406303181627, -27.458971454921599 ], [ -59.043365824058334, -27.458971377222593 ], [ -59.04268959914797, -27.459572026519702 ], [ -59.042689512745959, -27.459608144939875 ], [ -59.043041675964808, -27.459923629322407 ], [ -59.043082158467207, -27.459923707145361 ], [ -59.04375837949565, -27.459323053237675 ] ] ], [ [ [ -59.046640353823932, -27.456013502500294 ], [ -59.046081283334921, -27.456510141212636 ], [ -59.046473839174752, -27.456861808791135 ], [ -59.047032906667518, -27.456365177530454 ], [ -59.046640353823932, -27.456013502500294 ] ] ], [ [ [ -59.045170581589396, -27.459008834640901 ], [ -59.044453793747465, -27.459645524917843 ], [ -59.044736940322316, -27.459899178775384 ], [ -59.044777422832802, -27.459899256105341 ], [ -59.045453641816842, -27.459298599187637 ], [ -59.045453728271603, -27.459262487064262 ], [ -59.045170581589396, -27.459008834640901 ] ] ], [ [ [ -59.044780384678575, -27.458659268585816 ], [ -59.044739902620989, -27.458659191268286 ], [ -59.044063682880882, -27.459259844768503 ], [ -59.044063596984721, -27.459295956886393 ], [ -59.044346737727395, -27.459549611476469 ], [ -59.045063525528683, -27.458912921741764 ], [ -59.044780384678575, -27.458659268585816 ] ] ], [ [ [ -59.05016945915763, -27.455361607379565 ], [ -59.049488569171054, -27.455966498609559 ], [ -59.049791919605966, -27.456238236443976 ], [ -59.050472809700992, -27.455633343754549 ], [ -59.05016945915763, -27.455361607379565 ] ] ], [ [ [ -59.0505798715987, -27.455729246289877 ], [ -59.049898984499883, -27.456334139515096 ], [ -59.050202333912658, -27.456605876471826 ], [ -59.050883224208377, -27.456000975491662 ], [ -59.0505798715987, -27.455729246289877 ] ] ], [ [ [ -59.049723379735958, -27.454962005737912 ], [ -59.049042489986391, -27.455566885798675 ], [ -59.049345831153779, -27.45583862451619 ], [ -59.050026721066047, -27.455233736679844 ], [ -59.049723379735958, -27.454962005737912 ] ] ], [ [ [ -59.043889726031921, -27.459410824882152 ], [ -59.043172935339584, -27.460047520956675 ], [ -59.04345843385174, -27.460303285207537 ], [ -59.044175224652477, -27.459666587686907 ], [ -59.043889726031921, -27.459410824882152 ] ] ], [ [ [ -59.047764051491782, -27.458264809960014 ], [ -59.047047290067525, -27.458901524129082 ], [ -59.047332794955167, -27.459157275217375 ], [ -59.048049557467714, -27.458520563218435 ], [ -59.047764051491782, -27.458264809960014 ] ] ], [ [ [ -59.047333886127554, -27.457890425153739 ], [ -59.04661713089294, -27.458527133573586 ], [ -59.04690263477989, -27.458782891830584 ], [ -59.047619389165142, -27.458146175641602 ], [ -59.047333886127554, -27.457890425153739 ] ] ], [ [ [ -59.044317975421706, -27.459794474299784 ], [ -59.043601183609766, -27.460431166220307 ], [ -59.043886688191378, -27.46068692424376 ], [ -59.04460347303101, -27.460050230828458 ], [ -59.044317975421706, -27.459794474299784 ] ] ], [ [ [ -59.048907690219039, -27.455688504261143 ], [ -59.048262620577781, -27.456261544797346 ], [ -59.048565964660114, -27.456533285207183 ], [ -59.049211031369879, -27.455960243267633 ], [ -59.048907690219039, -27.455688504261143 ] ] ], [ [ [ -59.047165013210005, -27.455547431046028 ], [ -59.046747869164911, -27.455918000869445 ], [ -59.047140429211993, -27.456269663919738 ], [ -59.047557569297446, -27.455899092911597 ], [ -59.047165013210005, -27.455547431046028 ] ] ], [ [ [ -59.051025978359483, -27.456128854469434 ], [ -59.050739284317061, -27.456383546087178 ], [ -59.051310297218961, -27.456895041852981 ], [ -59.051596991370374, -27.456640346371557 ], [ -59.051025978359483, -27.456128854469434 ] ] ], [ [ [ -59.050631778878916, -27.45647905723343 ], [ -59.050345084044132, -27.456733747085696 ], [ -59.050916100873962, -27.457245244469554 ], [ -59.051202792767867, -27.456990552537569 ], [ -59.050631778878916, -27.45647905723343 ] ] ], [ [ [ -59.050068586058963, -27.45722134018196 ], [ -59.050503977504, -27.45761136418751 ], [ -59.050772755961745, -27.457372588855087 ], [ -59.0503373543172, -27.456982568314412 ], [ -59.050068586058963, -27.45722134018196 ] ] ] ] } },
{ "type": "Feature", "properties": { "Barrio": "DON ANDRES", "Municipio": "Resistencia", "ID": 108, "Área": 832150.33, "Perímetro": 3654.4 }, "geometry": { "type": "MultiPolygon", "coordinates": [ [ [ [ -59.001660553954444, -27.477666575755048 ], [ -58.994634036750554, -27.483917153038728 ], [ -58.996203986649455, -27.485324383067681 ], [ -58.996346704594202, -27.485452296104192 ], [ -58.99820216412575, -27.487115363794167 ], [ -58.999058550124552, -27.487882924144756 ], [ -59.000728382020696, -27.489311558995489 ], [ -59.007720571467203, -27.483107945760114 ], [ -59.001660553954444, -27.477666575755048 ] ] ] ] } },
{ "type": "Feature", "properties": { "Barrio": "LUZ DE ESPERANZA", "Municipio": "Resistencia", "ID": 109, "Área": 61238.59, "Perímetro": 971.15 }, "geometry": { "type": "MultiPolygon", "coordinates": [ [ [ [ -58.962875738036061, -27.446839835229547 ], [ -58.963160916840224, -27.447095843658378 ], [ -58.963197899310337, -27.447253874940724 ], [ -58.963640954054348, -27.447910554263061 ], [ -58.963763395953677, -27.447992826814058 ], [ -58.964084221741011, -27.448280834390005 ], [ -58.964191162006458, -27.448376837946796 ], [ -58.964511989982206, -27.448664848192578 ], [ -58.964618930996799, -27.448760850533951 ], [ -58.964779347922864, -27.448904853936821 ], [ -58.965859498466486, -27.44794800750158 ], [ -58.965992031834247, -27.447543441061576 ], [ -58.96596722772847, -27.447374607598746 ], [ -58.965783059858666, -27.446965433552378 ], [ -58.965669663675435, -27.446875155637716 ], [ -58.965348834582812, -27.446587148023106 ], [ -58.965241894947944, -27.44649114625318 ], [ -58.964538999208301, -27.445860152052557 ], [ -58.9642615987269, -27.445611117173051 ], [ -58.962875738036061, -27.446839835229547 ] ] ] ] } },
{ "type": "Feature", "properties": { "Barrio": "27 VIVIENDAS", "Municipio": "Resistencia", "ID": 110, "Área": 6867.34, "Perímetro": 357.93 }, "geometry": { "type": "MultiPolygon", "coordinates": [ [ [ [ -58.961141600158449, -27.4521343055874 ], [ -58.960582113229258, -27.45263030865582 ], [ -58.960938586038104, -27.452950322474511 ], [ -58.96078780763014, -27.453083997654424 ], [ -58.961001932130195, -27.453275798559815 ], [ -58.961410880814199, -27.452913258589529 ], [ -58.96171173340592, -27.452646549302152 ], [ -58.961141600158449, -27.4521343055874 ] ] ] ] } },
{ "type": "Feature", "properties": { "Barrio": "PLAN 10 VIVIENDAS - PC 6", "Municipio": "Resistencia", "ID": 111, "Área": 2124.99, "Perímetro": 245.0 }, "geometry": { "type": "MultiPolygon", "coordinates": [ [ [ [ -58.962017781291927, -27.452120810294385 ], [ -58.961865321531555, -27.452255961257265 ], [ -58.961437546283577, -27.451871939368424 ], [ -58.961285092174727, -27.452007098758916 ], [ -58.961855459106822, -27.452519127974238 ], [ -58.962160369054885, -27.452248810506802 ], [ -58.962017781291927, -27.452120810294385 ] ] ] ] } },
{ "type": "Feature", "properties": { "Barrio": "PLAN 10 VIVIENDAS", "Municipio": "Resistencia", "ID": 112, "Área": 4714.51, "Perímetro": 308.01 }, "geometry": { "type": "MultiPolygon", "coordinates": [ [ [ [ -58.961967722089526, -27.452876953997208 ], [ -58.961472465091092, -27.453315626291158 ], [ -58.961722051534906, -27.453539596842297 ], [ -58.961887061030303, -27.453393310732828 ], [ -58.962243410647389, -27.453713643428088 ], [ -58.962573489363443, -27.453420824760155 ], [ -58.961967722089526, -27.452876953997208 ] ] ] ] } },
{ "type": "Feature", "properties": { "Barrio": "PLAN 150 VIVIENDAS", "Municipio": "Resistencia", "ID": 113, "Área": 38862.45, "Perímetro": 1054.03 }, "geometry": { "type": "MultiPolygon", "coordinates": [ [ [ [ -58.964549612615706, -27.450586357373311 ], [ -58.962111190529484, -27.452749679380876 ], [ -58.963444746476767, -27.453946276560792 ], [ -58.964162105895554, -27.453309856594206 ], [ -58.963427492525213, -27.452650848101072 ], [ -58.965148720537677, -27.451123790666404 ], [ -58.964549612615706, -27.450586357373311 ] ] ] ] } },
{ "type": "Feature", "properties": { "Barrio": "ASENTAMIENTO C.C.C.", "Municipio": "Resistencia", "ID": 114, "Área": 4056.58, "Perímetro": 283.5 }, "geometry": { "type": "MultiPolygon", "coordinates": [ [ [ [ -58.964862394485877, -27.451633223682077 ], [ -58.964574773100395, -27.451887064314644 ], [ -58.965324371683238, -27.45255995532214 ], [ -58.96555891076747, -27.452258463558287 ], [ -58.964862394485877, -27.451633223682077 ] ] ] ] } },
{ "type": "Feature", "properties": { "Barrio": "ASENTAMIENTO PROSPERIDAD", "Municipio": "Resistencia", "ID": 115, "Área": 44312.39, "Perímetro": 1907.36 }, "geometry": { "type": "MultiPolygon", "coordinates": [ [ [ [ -58.969714254005915, -27.450351555870103 ], [ -58.969429058568558, -27.450095560379232 ], [ -58.969347563619657, -27.450022412569663 ], [ -58.968629847631981, -27.450205638059913 ], [ -58.968126475202176, -27.45037457161575 ], [ -58.967619877948643, -27.450600072448115 ], [ -58.967351761316444, -27.450745035585825 ], [ -58.967036770442419, -27.450941419647254 ], [ -58.966632662477934, -27.451241933334899 ], [ -58.966163476907255, -27.451653475878409 ], [ -58.965980860955689, -27.451864464463341 ], [ -58.965329778037919, -27.452702478214967 ], [ -58.964644113209836, -27.453584983866531 ], [ -58.963058251436081, -27.45559214816765 ], [ -58.96342100736026, -27.455917549963633 ], [ -58.964372844612647, -27.454687182143271 ], [ -58.964924796984462, -27.453989799766415 ], [ -58.965029822627741, -27.45383660506981 ], [ -58.96573595438705, -27.452929955384295 ], [ -58.9663260521749, -27.452200950992498 ], [ -58.966540786592574, -27.451992158361623 ], [ -58.96698666163519, -27.451577574020895 ], [ -58.96733844042398, -27.451304155354851 ], [ -58.967869489887484, -27.450983160066894 ], [ -58.96840217363718, -27.450765896045549 ], [ -58.968960545079078, -27.450577204563889 ], [ -58.969714254005915, -27.450351555870103 ] ] ] ] } },
{ "type": "Feature", "properties": { "Barrio": "ASENTAMIENTO VARGAS 2", "Municipio": "Resistencia", "ID": 116, "Área": 74916.07, "Perímetro": 1489.36 }, "geometry": { "type": "MultiPolygon", "coordinates": [ [ [ [ -58.967039476061551, -27.448211834080823 ], [ -58.964601162040324, -27.450375196028588 ], [ -58.966026261793218, -27.451654470612599 ], [ -58.968465429505599, -27.449491847499811 ], [ -58.967039476061551, -27.448211834080823 ] ] ], [ [ [ -58.964963963822598, -27.45247067703373 ], [ -58.964234332447738, -27.453117538832725 ], [ -58.964306393567014, -27.453181847649844 ], [ -58.963850849681918, -27.453586001054354 ], [ -58.964064631573706, -27.453777910316514 ], [ -58.964291616686253, -27.453703890680018 ], [ -58.964447303828045, -27.453565869014756 ], [ -58.96474650698984, -27.453299530637178 ], [ -58.965217151979203, -27.45269795549137 ], [ -58.964963963822598, -27.45247067703373 ] ] ] ] } },
{ "type": "Feature", "properties": { "Barrio": "ASENTAMIENTO PENIEL 2", "Municipio": "Resistencia", "ID": 117, "Área": 16123.02, "Perímetro": 639.13 }, "geometry": { "type": "MultiPolygon", "coordinates": [ [ [ [ -58.965097306475592, -27.444870155509296 ], [ -58.964380216037142, -27.445506392654718 ], [ -58.966034716955193, -27.446991649754448 ], [ -58.966085648444398, -27.446946487653594 ], [ -58.966010058596346, -27.446780071876859 ], [ -58.965974006578321, -27.446659376810349 ], [ -58.965927422917645, -27.44658300127141 ], [ -58.965852000528535, -27.446471777436642 ], [ -58.965787538262298, -27.44637627274799 ], [ -58.965770573888854, -27.446236112936024 ], [ -58.965637535243864, -27.446121127063137 ], [ -58.966067285679344, -27.445740230161842 ], [ -58.965097321022682, -27.444870168705645 ], [ -58.965097306475592, -27.444870155509296 ] ] ] ] } },
{ "type": "Feature", "properties": { "Barrio": "17 DE JULIO", "Municipio": "Resistencia", "ID": 119, "Área": 67838.49, "Perímetro": 1513.3 }, "geometry": { "type": "MultiPolygon", "coordinates": [ [ [ [ -59.05407415233892, -27.474305612081249 ], [ -59.049725730995938, -27.47816801986319 ], [ -59.049939895901659, -27.478359833682319 ], [ -59.05132271671927, -27.477131024716265 ], [ -59.051465419425774, -27.477259554536989 ], [ -59.052179323121472, -27.477898924061297 ], [ -59.05514500908064, -27.475264633520375 ], [ -59.05407415233892, -27.474305612081249 ] ] ] ] } },
{ "type": "Feature", "properties": { "Barrio": "ASENTAMIENTO SAMPA", "Municipio": "Resistencia", "ID": 120, "Área": 465712.12, "Perímetro": 3000.9 }, "geometry": { "type": "MultiPolygon", "coordinates": [ [ [ [ -58.994281664195299, -27.483972894222827 ], [ -58.987324201941199, -27.490146019851174 ], [ -58.989928899370256, -27.492480858990415 ], [ -58.992700088345231, -27.490020231052643 ], [ -58.994985515596852, -27.490519181608573 ], [ -58.995500198960613, -27.490300614001661 ], [ -58.998429825749021, -27.487694368342137 ], [ -58.994281664195299, -27.483972894222827 ] ] ] ] } },
{ "type": "Feature", "properties": { "Barrio": "ASENTAMIENTO INTEGRACION", "Municipio": "Resistencia", "ID": 121, "Área": 11520.02, "Perímetro": 436.0 }, "geometry": { "type": "MultiPolygon", "coordinates": [ [ [ [ -58.975521363557419, -27.492712313864693 ], [ -58.974603097288195, -27.493526807777936 ], [ -58.975245325237118, -27.494102572638869 ], [ -58.976163561410864, -27.493288083354454 ], [ -58.975521363557419, -27.492712313864693 ] ] ] ] } },
{ "type": "Feature", "properties": { "Barrio": "ASENTAMIENTO SAN ANTONIO", "Municipio": "Resistencia", "ID": 122, "Área": 52496.99, "Perímetro": 949.97 }, "geometry": { "type": "MultiPolygon", "coordinates": [ [ [ [ -58.975286074345817, -27.499142666242761 ], [ -58.973858721872475, -27.497863357404658 ], [ -58.972244678522898, -27.499294852629706 ], [ -58.972601458082636, -27.499614737603423 ], [ -58.972242734499098, -27.499932887322927 ], [ -58.973313101590129, -27.500892532623165 ], [ -58.975286074345817, -27.499142666242761 ] ] ] ] } },
{ "type": "Feature", "properties": { "Barrio": "PLAN 16 VIVIENDAS", "Municipio": "Resistencia", "ID": 123, "Área": 3049.95, "Perímetro": 262.94 }, "geometry": { "type": "MultiPolygon", "coordinates": [ [ [ [ -58.977051029571157, -27.495159139784739 ], [ -58.977382625929195, -27.495456428488744 ], [ -58.97799240790868, -27.494915542394963 ], [ -58.977803516702735, -27.494746207489584 ], [ -58.977480694672018, -27.495032555767985 ], [ -58.977337980264906, -27.494904609322699 ], [ -58.977051029571157, -27.495159139784739 ] ] ] ] } },
{ "type": "Feature", "properties": { "Barrio": "PLAN 100 VIVIENDAS C.G.T.", "Municipio": "Resistencia", "ID": 124, "Área": 24700.04, "Perímetro": 640.0 }, "geometry": { "type": "MultiPolygon", "coordinates": [ [ [ [ -58.978265623238052, -27.496509623557227 ], [ -58.976909819874962, -27.495294117593296 ], [ -58.975977201540218, -27.496121343265184 ], [ -58.977332997096596, -27.497336857217832 ], [ -58.978265623238052, -27.496509623557227 ] ] ] ] } },
{ "type": "Feature", "properties": { "Barrio": "UOM", "Municipio": "Resistencia", "ID": 125, "Área": 14834.02, "Perímetro": 503.37 }, "geometry": { "type": "MultiPolygon", "coordinates": [ [ [ [ -58.973391714463396, -27.496086440817145 ], [ -58.973351218448208, -27.496086343269308 ], [ -58.97274613998642, -27.496623009241564 ], [ -58.972746029382385, -27.496659120494478 ], [ -58.973883023902765, -27.497678513238952 ], [ -58.973923523542005, -27.49767861067032 ], [ -58.974528596322067, -27.497141942321473 ], [ -58.97452870530492, -27.497105834655393 ], [ -58.973391714463396, -27.496086440817145 ] ] ] ] } },
{ "type": "Feature", "properties": { "Barrio": "PLAN 60 VIVIENDAS", "Municipio": "Resistencia", "ID": 126, "Área": 22005.11, "Perímetro": 731.76 }, "geometry": { "type": "MultiPolygon", "coordinates": [ [ [ [ -58.973167052418226, -27.494786149687073 ], [ -58.972622680301612, -27.495268978775005 ], [ -58.974691996964793, -27.497124275574297 ], [ -58.975236369744735, -27.496641437616884 ], [ -58.973167052418226, -27.494786149687073 ] ] ] ] } },
{ "type": "Feature", "properties": { "Barrio": "PLAN 40 VIVIENDAS", "Municipio": "Resistencia", "ID": 127, "Área": 9999.85, "Perímetro": 400.0 }, "geometry": { "type": "MultiPolygon", "coordinates": [ [ [ [ -58.965818184602952, -27.495196105971576 ], [ -58.965100726065415, -27.495832372246106 ], [ -58.965814229131581, -27.496472172960257 ], [ -58.966531673694909, -27.495835914689703 ], [ -58.965818184602952, -27.495196105971576 ] ] ] ] } },
{ "type": "Feature", "properties": { "Barrio": "PLAN 80 VIVIENDAS", "Municipio": "Resistencia", "ID": 128, "Área": 8735.55, "Perímetro": 373.9 }, "geometry": { "type": "MultiPolygon", "coordinates": [ [ [ [ -58.968142150423141, -27.493313214563962 ], [ -58.96746059264909, -27.493917680445705 ], [ -58.968117711289359, -27.494505674049325 ], [ -58.968798581663556, -27.493901811697626 ], [ -58.968142150423141, -27.493313214563962 ] ] ] ] } },
{ "type": "Feature", "properties": { "Barrio": "ASENTAMIENTO EDISON", "Municipio": "Resistencia", "ID": 129, "Área": 40881.18, "Perímetro": 1029.96 }, "geometry": { "type": "MultiPolygon", "coordinates": [ [ [ [ -58.967260259948965, -27.493917190947776 ], [ -58.965961677760561, -27.495068850993377 ], [ -58.968340329054371, -27.497208739288958 ], [ -58.969022759125842, -27.49660351005199 ], [ -58.967399575342959, -27.495142568392051 ], [ -58.96801657770515, -27.494595363013595 ], [ -58.967260259948965, -27.493917190947776 ] ] ] ] } },
{ "type": "Feature", "properties": { "Barrio": "ASENTAMIENTO LA RUBITA", "Municipio": "Resistencia", "ID": 130, "Área": 319480.03, "Perímetro": 2612.0 }, "geometry": { "type": "MultiPolygon", "coordinates": [ [ [ [ -58.964926285407834, -27.483135381343541 ], [ -58.957895540054807, -27.489370624499376 ], [ -58.960221339366946, -27.491456467401218 ], [ -58.967252086271728, -27.485221108557582 ], [ -58.964926285407834, -27.483135381343541 ] ] ] ] } },
{ "type": "Feature", "properties": { "Barrio": "PROGR. SUEÑOS COMPARTIDOS", "Municipio": "Resistencia", "ID": 131, "Área": 20848.02, "Perímetro": 728.0 }, "geometry": { "type": "MultiPolygon", "coordinates": [ [ [ [ -58.969536548195656, -27.491492232738285 ], [ -58.96899428965294, -27.491006001229376 ], [ -58.969137769623757, -27.490878742620282 ], [ -58.967767868529549, -27.489650357611104 ], [ -58.967079151297753, -27.490261189465702 ], [ -58.967792640461724, -27.490900979029192 ], [ -58.967936122642982, -27.490773721699039 ], [ -58.969134800610426, -27.491848553553279 ], [ -58.969536548195656, -27.491492232738285 ] ] ] ] } },
{ "type": "Feature", "properties": { "Barrio": "300 VIVIENDAS", "Municipio": "Resistencia", "ID": 132, "Área": 92685.2, "Perímetro": 1367.6 }, "geometry": { "type": "MultiPolygon", "coordinates": [ [ [ [ -59.034073864121623, -27.456563554172188 ], [ -59.030608300414848, -27.459643565319073 ], [ -59.030952289233007, -27.459951792994108 ], [ -59.030866266806001, -27.460028185975652 ], [ -59.03186393918736, -27.460921919719461 ], [ -59.035418341983423, -27.457768038166609 ], [ -59.034073864121623, -27.456563554172188 ] ] ] ] } },
{ "type": "Feature", "properties": { "Barrio": "300 VIVIALES", "Municipio": "Resistencia", "ID": 133, "Área": 94320.79, "Perímetro": 1307.92 }, "geometry": { "type": "MultiPolygon", "coordinates": [ [ [ [ -59.032416526565498, -27.455085270876658 ], [ -59.029271099863905, -27.457884557393385 ], [ -59.030802050236574, -27.459256290622317 ], [ -59.033950257163951, -27.456460565417348 ], [ -59.032416526565498, -27.455085270876658 ] ] ] ] } },
{ "type": "Feature", "properties": { "Barrio": "ASENTAMIENTO MENEN JUNIOR", "Municipio": "Resistencia", "ID": 134, "Área": 18137.94, "Perímetro": 549.75 }, "geometry": { "type": "MultiPolygon", "coordinates": [ [ [ [ -59.029279137267835, -27.456357210785722 ], [ -59.028095063583109, -27.457405623269104 ], [ -59.028881341791717, -27.458111048182609 ], [ -59.030061104447476, -27.457060936038914 ], [ -59.029279137267835, -27.456357210785722 ] ] ] ] } },
{ "type": "Feature", "properties": { "Barrio": "FAMILIAS UNIDAS", "Municipio": "Resistencia", "ID": 135, "Área": 56126.28, "Perímetro": 1289.74 }, "geometry": { "type": "MultiPolygon", "coordinates": [ [ [ [ -59.027495711637989, -27.454503286318602 ], [ -59.026169536872942, -27.455681005479203 ], [ -59.028095063583109, -27.457405623269104 ], [ -59.029279137267835, -27.456357210785722 ], [ -59.028351413915097, -27.455525884488573 ], [ -59.02849478848988, -27.4553985610913 ], [ -59.027495711637989, -27.454503286318602 ] ] ], [ [ [ -59.02985261569561, -27.455847909652981 ], [ -59.029279137267835, -27.456357210785722 ], [ -59.030061104447476, -27.457060936038914 ], [ -59.030637623374894, -27.456551336166655 ], [ -59.02985261569561, -27.455847909652981 ] ] ] ] } },
{ "type": "Feature", "properties": { "Barrio": "ITALIA", "Municipio": "Resistencia", "ID": 136, "Área": 42539.32, "Perímetro": 825.81 }, "geometry": { "type": "MultiPolygon", "coordinates": [ [ [ [ -59.032090803208028, -27.446359156909672 ], [ -59.030545935459521, -27.447731684949311 ], [ -59.031953851801696, -27.44899333641948 ], [ -59.033499391130199, -27.447620581999907 ], [ -59.032090803208028, -27.446359156909672 ] ] ] ] } },
{ "type": "Feature", "properties": { "Barrio": "BARBETTI", "Municipio": "Resistencia", "ID": 137, "Área": 140945.24, "Perímetro": 2280.29 }, "geometry": { "type": "MultiPolygon", "coordinates": [ [ [ [ -59.032987813966059, -27.4443206150846 ], [ -59.028224874452576, -27.448551008071615 ], [ -59.030258617669212, -27.450373516577152 ], [ -59.031767620429065, -27.448969612111469 ], [ -59.030518816769295, -27.447850543562517 ], [ -59.030410961451516, -27.447755943313219 ], [ -59.032164289081095, -27.44619805631924 ], [ -59.033525815419488, -27.447423661427273 ], [ -59.033566293268855, -27.447423740996264 ], [ -59.034263986861482, -27.446804028641836 ], [ -59.035009248997589, -27.446141434046876 ], [ -59.034968670375491, -27.446101731283235 ], [ -59.032987813966059, -27.4443206150846 ] ] ] ] } },
{ "type": "Feature", "properties": { "Barrio": "LOS PINOS", "Municipio": "Resistencia", "ID": 138, "Área": 103613.61, "Perímetro": 1433.6 }, "geometry": { "type": "MultiPolygon", "coordinates": [ [ [ [ -59.037477646123314, -27.44390771270724 ], [ -59.037306875143322, -27.443754693317647 ], [ -59.032382315307579, -27.442375539586131 ], [ -59.031725499586564, -27.44295896160472 ], [ -59.035095291742252, -27.446020774442363 ], [ -59.037477646123314, -27.44390771270724 ] ] ] ] } },
{ "type": "Feature", "properties": { "Barrio": "32 VIVIENDAS", "Municipio": "Resistencia", "ID": 139, "Área": 7360.93, "Perímetro": 343.45 }, "geometry": { "type": "MultiPolygon", "coordinates": [ [ [ [ -59.031597176763903, -27.443077960021071 ], [ -59.030954856393912, -27.443643455071232 ], [ -59.03154355117416, -27.444171019142708 ], [ -59.032185877865537, -27.443605518757103 ], [ -59.031597176763903, -27.443077960021071 ] ] ] ] } },
{ "type": "Feature", "properties": { "Barrio": "ARAMBURU", "Municipio": "Resistencia", "ID": 140, "Área": 265757.77, "Perímetro": 2452.98 }, "geometry": { "type": "MultiPolygon", "coordinates": [ [ [ [ -59.032292039131022, -27.443697171376563 ], [ -59.031543073114143, -27.444362433015389 ], [ -59.031436031744846, -27.444266515447737 ], [ -59.030704627293218, -27.443611057504739 ], [ -59.032142271500533, -27.442334097860577 ], [ -59.031193198768321, -27.442073224215736 ], [ -59.030828343966249, -27.442036912211364 ], [ -59.028708023039087, -27.442646941788361 ], [ -59.025092023802571, -27.445858492691737 ], [ -59.026626168099071, -27.447233406405278 ], [ -59.026691061717813, -27.447175134746967 ], [ -59.026833395361088, -27.447304011366224 ], [ -59.028117833114827, -27.448455088889983 ], [ -59.032880782569606, -27.444224687844642 ], [ -59.032292039131022, -27.443697171376563 ] ] ] ] } },
{ "type": "Feature", "properties": { "Barrio": "PROVINCIAS UNIDAS", "Municipio": "Resistencia", "ID": 141, "Área": 32834.65, "Perímetro": 892.07 }, "geometry": { "type": "MultiPolygon", "coordinates": [ [ [ [ -59.016080388035881, -27.450549482421042 ], [ -59.015412828077096, -27.451142234032197 ], [ -59.017930030517121, -27.453399991439586 ], [ -59.018597776145064, -27.452810240444943 ], [ -59.016080388035881, -27.450549482421042 ] ] ] ] } },
{ "type": "Feature", "properties": { "Barrio": "A.M.C.S.O POLICIA", "Municipio": "Resistencia", "ID": 142, "Área": 16201.46, "Perímetro": 540.2 }, "geometry": { "type": "MultiPolygon", "coordinates": [ [ [ [ -59.016870790593885, -27.449852847146339 ], [ -59.016227337102507, -27.450422634605481 ], [ -59.017505945790106, -27.451578766920409 ], [ -59.018156173628647, -27.451007844712411 ], [ -59.016870790593885, -27.449852847146339 ] ] ] ] } },
{ "type": "Feature", "properties": { "Barrio": "SANTA BARBARA", "Municipio": "Resistencia", "ID": 143, "Área": 33536.43, "Perímetro": 895.89 }, "geometry": { "type": "MultiPolygon", "coordinates": [ [ [ [ -59.017690488788105, -27.449115423826981 ], [ -59.017013972309776, -27.449724834888343 ], [ -59.019533379471575, -27.451976461298958 ], [ -59.020214405986877, -27.451371718886779 ], [ -59.017690488788105, -27.449115423826981 ] ] ] ] } },
{ "type": "Feature", "properties": { "Barrio": "6 DE FEBRERO", "Municipio": "Resistencia", "ID": 144, "Área": 10249.95, "Perímetro": 405.0 }, "geometry": { "type": "MultiPolygon", "coordinates": [ [ [ [ -59.023661360780942, -27.447009639386863 ], [ -59.022944542882755, -27.447646225247727 ], [ -59.023675933100698, -27.448301716792074 ], [ -59.024392748250165, -27.44766512720631 ], [ -59.023661360780942, -27.447009639386863 ] ] ] ] } },
{ "type": "Feature", "properties": { "Barrio": "120 VIVIENDAS", "Municipio": "Resistencia", "ID": 145, "Área": 28500.54, "Perímetro": 761.11 }, "geometry": { "type": "MultiPolygon", "coordinates": [ [ [ [ -59.022793729994632, -27.447777918866812 ], [ -59.020799069289552, -27.449546633288623 ], [ -59.02153045862039, -27.450202135918108 ], [ -59.023525123140608, -27.448433414820684 ], [ -59.022793729994632, -27.447777918866812 ] ] ] ] } },
{ "type": "Feature", "properties": { "Barrio": "SANTA RITA 2", "Municipio": "Resistencia", "ID": 146, "Área": 6617.71, "Perímetro": 327.06 }, "geometry": { "type": "MultiPolygon", "coordinates": [ [ [ [ -59.021017713581166, -27.45090640026319 ], [ -59.02049060687623, -27.451374470674441 ], [ -59.021132812935313, -27.45195003953247 ], [ -59.021659916846652, -27.451481960392172 ], [ -59.021017713581166, -27.45090640026319 ] ] ] ] } },
{ "type": "Feature", "properties": { "Barrio": "SANTA RITA 1", "Municipio": "Resistencia", "ID": 147, "Área": 89572.08, "Perímetro": 2324.61 }, "geometry": { "type": "MultiPolygon", "coordinates": [ [ [ [ -59.02032859488763, -27.451524464709404 ], [ -59.01964757411158, -27.452129204092046 ], [ -59.019529709245525, -27.452232941350363 ], [ -59.019108196403913, -27.451863319213732 ], [ -59.018263222146501, -27.451103485400719 ], [ -59.017618035184292, -27.451676390047599 ], [ -59.018817964981849, -27.452753154184876 ], [ -59.018002985757448, -27.453476371956178 ], [ -59.018716541019494, -27.454115899912743 ], [ -59.020970805001888, -27.452100030722143 ], [ -59.02032859488763, -27.451524464709404 ] ] ], [ [ [ -59.025177364250055, -27.448375414410357 ], [ -59.024535160716482, -27.447799864831889 ], [ -59.021017713581166, -27.45090640026319 ], [ -59.021659916846652, -27.451481960392172 ], [ -59.025177364250055, -27.448375414410357 ] ] ] ] } },
{ "type": "Feature", "properties": { "Barrio": "164 VIAMPLIAC. PCIAS UNIDAS", "Municipio": "Resistencia", "ID": 148, "Área": 59949.43, "Perímetro": 1012.99 }, "geometry": { "type": "MultiPolygon", "coordinates": [ [ [ [ -59.022097774083157, -27.453070944958988 ], [ -59.019817883845604, -27.455093677608801 ], [ -59.02116230146634, -27.456297931244901 ], [ -59.023445695615884, -27.45427731843716 ], [ -59.022097774083157, -27.453070944958988 ] ] ] ] } },
{ "type": "Feature", "properties": { "Barrio": "LOS CISNES", "Municipio": "Resistencia", "ID": 149, "Área": 12425.75, "Perímetro": 460.3 }, "geometry": { "type": "MultiPolygon", "coordinates": [ [ [ [ -59.023274093632502, -27.45203065626546 ], [ -59.022241867767221, -27.452942909385317 ], [ -59.022859115866424, -27.453496080919233 ], [ -59.023891342046909, -27.452583829614305 ], [ -59.023274093632502, -27.45203065626546 ] ] ] ] } },
{ "type": "Feature", "properties": { "Barrio": "COPERVI", "Municipio": "Resistencia", "ID": 150, "Área": 33357.37, "Perímetro": 1051.6 }, "geometry": { "type": "MultiPolygon", "coordinates": [ [ [ [ -59.024622133557422, -27.450829768246827 ], [ -59.024335394716772, -27.451084403590951 ], [ -59.025826360681073, -27.452421360089438 ], [ -59.024906569123317, -27.453235604296268 ], [ -59.025967999531993, -27.454185141203517 ], [ -59.027175574141843, -27.453118853875193 ], [ -59.024622133557422, -27.450829768246827 ] ] ] ] } },
{ "type": "Feature", "properties": { "Barrio": "80 VIVIENDAS", "Municipio": "Resistencia", "ID": 151, "Área": 12862.43, "Perímetro": 454.22 }, "geometry": { "type": "MultiPolygon", "coordinates": [ [ [ [ -59.024685799350735, -27.451658229113178 ], [ -59.023914041805298, -27.452343536572453 ], [ -59.024763613505087, -27.453107170734746 ], [ -59.025538493030751, -27.452418853950025 ], [ -59.024685799350735, -27.451658229113178 ] ] ] ] } },
{ "type": "Feature", "properties": { "Barrio": "40 VIVENDAS", "Municipio": "Resistencia", "ID": 152, "Área": 11818.31, "Perímetro": 491.69 }, "geometry": { "type": "MultiPolygon", "coordinates": [ [ [ [ -59.025346432209176, -27.451289795506774 ], [ -59.026294151547837, -27.450450415434492 ], [ -59.02614608369413, -27.450317723577548 ], [ -59.026210602660704, -27.450260428654211 ], [ -59.026146376340208, -27.450202875327687 ], [ -59.026210889224842, -27.450145574042974 ], [ -59.026146668958035, -27.45008802978289 ], [ -59.026211187818468, -27.450030731244684 ], [ -59.026146955582099, -27.449973175170669 ], [ -59.026082452938326, -27.450030470183478 ], [ -59.026018219759457, -27.449972914044768 ], [ -59.025953703958294, -27.450030202588128 ], [ -59.025889492032661, -27.449972652856474 ], [ -59.025697383500123, -27.450143260449714 ], [ -59.025543665037603, -27.450006608575631 ], [ -59.024729177247544, -27.45073662846103 ], [ -59.025346432209176, -27.451289795506774 ] ] ] ] } },
{ "type": "Feature", "properties": { "Barrio": "69 VIUOM", "Municipio": "Resistencia", "ID": 153, "Área": 10821.61, "Perímetro": 420.48 }, "geometry": { "type": "MultiPolygon", "coordinates": [ [ [ [ -59.020273870051795, -27.452906438805659 ], [ -59.01962868037446, -27.453479349896352 ], [ -59.020485826730713, -27.454249066374995 ], [ -59.021131016743496, -27.45367614867045 ], [ -59.020273870051795, -27.452906438805659 ] ] ] ] } },
{ "type": "Feature", "properties": { "Barrio": "100 VIVIENDAS UOM", "Municipio": "Resistencia", "ID": 154, "Área": 11417.51, "Perímetro": 430.29 }, "geometry": { "type": "MultiPolygon", "coordinates": [ [ [ [ -59.0210988291267, -27.452174057098752 ], [ -59.020418134151555, -27.452780960942615 ], [ -59.021274410964345, -27.453548386255484 ], [ -59.021955110317208, -27.452941474712517 ], [ -59.0210988291267, -27.452174057098752 ] ] ] ] } },
{ "type": "Feature", "properties": { "Barrio": "NUEVO AMANECER", "Municipio": "Resistencia", "ID": 155, "Área": 18849.69, "Perímetro": 552.75 }, "geometry": { "type": "MultiPolygon", "coordinates": [ [ [ [ -59.020621409392533, -27.449624085005862 ], [ -59.019518352861645, -27.450603612157366 ], [ -59.020392452085481, -27.45138702265859 ], [ -59.021495513109535, -27.450407497746816 ], [ -59.020621409392533, -27.449624085005862 ] ] ] ] } },
{ "type": "Feature", "properties": { "Barrio": "JESUS MARIA", "Municipio": "Resistencia", "ID": 156, "Área": 135176.5, "Perímetro": 1599.83 }, "geometry": { "type": "MultiPolygon", "coordinates": [ [ [ [ -59.021761989498167, -27.445488000513745 ], [ -59.017766960025853, -27.449043146776344 ], [ -59.019518352861645, -27.450603612157366 ], [ -59.023474574321142, -27.447026699715355 ], [ -59.021761989498167, -27.445488000513745 ] ] ] ] } },
{ "type": "Feature", "properties": { "Barrio": "DON ENRIQUE", "Municipio": "Resistencia", "ID": 157, "Área": 221501.26, "Perímetro": 1950.22 }, "geometry": { "type": "MultiPolygon", "coordinates": [ [ [ [ -59.01701123713481, -27.457631573151303 ], [ -59.019572332618544, -27.455321536844661 ], [ -59.015207910327788, -27.451396543212127 ], [ -59.012613182943312, -27.453681423683111 ], [ -59.01701123713481, -27.457631573151303 ] ] ] ] } },
{ "type": "Feature", "properties": { "Barrio": "INTENDENTE BORRINI", "Municipio": "Resistencia", "ID": 158, "Área": 165204.57, "Perímetro": 1760.88 }, "geometry": { "type": "MultiPolygon", "coordinates": [ [ [ [ -59.012473998922175, -27.453823820586663 ], [ -59.010510240447097, -27.455546519960247 ], [ -59.01487770459859, -27.459436081849955 ], [ -59.016813431236727, -27.457717405668902 ], [ -59.012473998922175, -27.453823820586663 ] ] ] ] } },
{ "type": "Feature", "properties": { "Barrio": "SAN CAYETANO", "Municipio": "Resistencia", "ID": 159, "Área": 303334.27, "Perímetro": 2562.98 }, "geometry": { "type": "MultiPolygon", "coordinates": [ [ [ [ -59.010392666465975, -27.455663339121511 ], [ -59.008144278507935, -27.457647004685757 ], [ -59.015060169685796, -27.463839952787449 ], [ -59.015100650298493, -27.463840038760353 ], [ -59.017293260893013, -27.461881349019201 ], [ -59.017293355550443, -27.461845236255591 ], [ -59.010392666465975, -27.455663339121511 ] ] ] ] } },
{ "type": "Feature", "properties": { "Barrio": "SANTA INES", "Municipio": "Resistencia", "ID": 160, "Área": 219239.07, "Perímetro": 1973.52 }, "geometry": { "type": "MultiPolygon", "coordinates": [ [ [ [ -59.022042146082867, -27.457601832852504 ], [ -59.02094321177411, -27.456616979448324 ], [ -59.020811745419664, -27.456499337314483 ], [ -59.020826237728564, -27.456485482342256 ], [ -59.020826332231536, -27.456449364111652 ], [ -59.019702004515331, -27.45544173380809 ], [ -59.019661523880217, -27.455441650134016 ], [ -59.01501493386673, -27.459573181852154 ], [ -59.017422860353747, -27.461729497151268 ], [ -59.017463340227941, -27.461729581514788 ], [ -59.022042146082867, -27.457601832852504 ] ] ] ] } },
{ "type": "Feature", "properties": { "Barrio": "400 VISOESGYPE", "Municipio": "Resistencia", "ID": 161, "Área": 142887.56, "Perímetro": 1515.0 }, "geometry": { "type": "MultiPolygon", "coordinates": [ [ [ [ -59.014869671810459, -27.46404153559488 ], [ -59.011997493161047, -27.461467320366673 ], [ -59.009452175557904, -27.463726956547216 ], [ -59.01232435421047, -27.466301223469138 ], [ -59.014869671810459, -27.46404153559488 ] ] ] ] } },
{ "type": "Feature", "properties": { "Barrio": "SAN MIGUEL", "Municipio": "Resistencia", "ID": 162, "Área": 196198.1, "Perímetro": 1815.25 }, "geometry": { "type": "MultiPolygon", "coordinates": [ [ [ [ -59.007948317266347, -27.457834537316185 ], [ -59.00540578770034, -27.460097210219452 ], [ -59.009345757825002, -27.463629780540874 ], [ -59.011892983100054, -27.461370257264026 ], [ -59.007948317266347, -27.457834537316185 ] ] ] ] } },
{ "type": "Feature", "properties": { "Barrio": "COMPLEJO MALVINAS", "Municipio": "Resistencia", "ID": 163, "Área": 80164.41, "Perímetro": 1269.56 }, "geometry": { "type": "MultiPolygon", "coordinates": [ [ [ [ -59.009983822458899, -27.466121530418118 ], [ -59.0066847577855, -27.469059435027347 ], [ -59.007919280388471, -27.470165929600761 ], [ -59.011231885439074, -27.467240406848273 ], [ -59.009983822458899, -27.466121530418118 ] ] ] ] } },
{ "type": "Feature", "properties": { "Barrio": "250 VISOESGYPE", "Municipio": "Resistencia", "ID": 164, "Área": 71890.59, "Perímetro": 1160.59 }, "geometry": { "type": "MultiPolygon", "coordinates": [ [ [ [ -59.006725664155219, -27.463201465914832 ], [ -59.003861679809155, -27.465764306277226 ], [ -59.005135586376902, -27.46690618935223 ], [ -59.008010051376502, -27.464352746299117 ], [ -59.006725664155219, -27.463201465914832 ] ] ] ] } },
{ "type": "Feature", "properties": { "Barrio": "MARIN", "Municipio": "Resistencia", "ID": 165, "Área": 384171.14, "Perímetro": 4469.83 }, "geometry": { "type": "MultiPolygon", "coordinates": [ [ [ [ -59.000955331436089, -27.463913739754215 ], [ -59.00331714754622, -27.466036170088344 ], [ -59.006762036136635, -27.46297822964603 ], [ -59.008260498849744, -27.464321364740393 ], [ -59.005132066944093, -27.467094665300507 ], [ -59.005028032278204, -27.467001663854916 ], [ -59.003754281263795, -27.465859927106109 ], [ -59.003449549810867, -27.466130410798062 ], [ -59.004820143341348, -27.467371706734301 ], [ -59.006584460152531, -27.468959203690758 ], [ -59.010062087212141, -27.465872161862052 ], [ -59.011436114367605, -27.467103664869988 ], [ -59.012117276422252, -27.466498967842451 ], [ -59.005122948100279, -27.460211919429327 ], [ -59.000955331436089, -27.463913739754215 ] ] ] ] } },
{ "type": "Feature", "properties": { "Barrio": "EL DORADO", "Municipio": "Resistencia", "ID": 166, "Área": 448017.24, "Perímetro": 2869.95 }, "geometry": { "type": "MultiPolygon", "coordinates": [ [ [ [ -59.000769276664563, -27.46413168087507 ], [ -59.000625863594472, -27.464258974458019 ], [ -59.00055415744977, -27.464322620291266 ], [ -59.000482453253916, -27.464386265197049 ], [ -59.000407536759937, -27.464447034649091 ], [ -59.000332691433677, -27.464507867734685 ], [ -59.00025777075404, -27.464568634364749 ], [ -59.000182928265929, -27.464629470995394 ], [ -59.000033091562734, -27.464751003174502 ], [ -58.999886747287732, -27.464871115588998 ], [ -58.999816890717497, -27.464936424718648 ], [ -58.999815037264121, -27.464934763699283 ], [ -58.999745189739784, -27.465000070148669 ], [ -58.999746967872888, -27.465001670169915 ], [ -58.999677117206993, -27.465066979267441 ], [ -58.99960719523343, -27.465132221943257 ], [ -58.999537341367947, -27.465197530943261 ], [ -58.999470702578584, -27.465265725287896 ], [ -58.999403277048309, -27.465333205593769 ], [ -58.999335988868999, -27.465400814084298 ], [ -58.999268562137878, -27.465468297018873 ], [ -58.99920270579431, -27.465537187153561 ], [ -58.999066304410192, -27.465677050554891 ], [ -58.998782540734538, -27.465934383694911 ], [ -58.998803286925998, -27.465952981577772 ], [ -58.998373021824811, -27.466334846203708 ], [ -58.998228698079714, -27.466460421551101 ], [ -58.997511611950792, -27.467096867561892 ], [ -59.004433862949476, -27.4732988236183 ], [ -59.007737247005565, -27.470379071010854 ], [ -59.000769276664563, -27.46413168087507 ] ] ] ] } },
{ "type": "Feature", "properties": { "Barrio": "PALERMO 1", "Municipio": "Resistencia", "ID": 167, "Área": 478139.45, "Perímetro": 2923.9 }, "geometry": { "type": "MultiPolygon", "coordinates": [ [ [ [ -58.997366940537994, -27.467228671146895 ], [ -58.993816429028932, -27.470378077268546 ], [ -59.00071217552594, -27.47656647780159 ], [ -59.000752524066307, -27.476566567089122 ], [ -59.004254591684067, -27.473457946672088 ], [ -58.997366940537994, -27.467228671146895 ] ] ] ] } },
{ "type": "Feature", "properties": { "Barrio": "ITALIANO", "Municipio": "Resistencia", "ID": 168, "Área": 40625.82, "Perímetro": 808.16 }, "geometry": { "type": "MultiPolygon", "coordinates": [ [ [ [ -58.988007089465789, -27.475531220242555 ], [ -58.986658011375624, -27.476728264321626 ], [ -58.988199080769036, -27.47810986135892 ], [ -58.989548153022298, -27.476912796215057 ], [ -58.988007089465789, -27.475531220242555 ] ] ] ] } },
{ "type": "Feature", "properties": { "Barrio": "ASENTAMIENTO LESTANI", "Municipio": "Resistencia", "ID": 169, "Área": 56460.57, "Perímetro": 1056.01 }, "geometry": { "type": "MultiPolygon", "coordinates": [ [ [ [ -58.99181072541262, -27.478469048801635 ], [ -58.991509858855174, -27.478736022453461 ], [ -58.991966538086338, -27.479145403745324 ], [ -58.990653683386057, -27.480310354576044 ], [ -58.991909557785768, -27.481436167936021 ], [ -58.992359114886291, -27.481839154699497 ], [ -58.993972890994002, -27.48040725529069 ], [ -58.99181072541262, -27.478469048801635 ] ] ] ] } },
{ "type": "Feature", "properties": { "Barrio": "LIBERTAD", "Municipio": "Resistencia", "ID": 170, "Área": 846625.92, "Perímetro": 4466.69 }, "geometry": { "type": "MultiPolygon", "coordinates": [ [ [ [ -58.993670702068343, -27.470504954013737 ], [ -58.988243058505319, -27.475270673720321 ], [ -58.988268032258816, -27.47529306308564 ], [ -58.988034940660199, -27.475499893479075 ], [ -58.98872348840446, -27.476117182953612 ], [ -58.989579725219222, -27.476884799678682 ], [ -58.988199080769036, -27.47810986135892 ], [ -58.990653683386057, -27.480310354576044 ], [ -58.991966538086338, -27.479145403745324 ], [ -58.991509858855174, -27.478736022453461 ], [ -58.99181072541262, -27.478469048801635 ], [ -58.993972890994002, -27.48040725529069 ], [ -58.992359114886291, -27.481839154699497 ], [ -58.993550795617139, -27.482907391518772 ], [ -59.000541534780588, -27.47675305512125 ], [ -58.993670702068343, -27.470504954013737 ] ] ] ] } },
{ "type": "Feature", "properties": { "Barrio": "GÜIRALDES", "Municipio": "Resistencia", "ID": 171, "Área": 405987.29, "Perímetro": 2824.46 }, "geometry": { "type": "MultiPolygon", "coordinates": [ [ [ [ -58.993351420667736, -27.483087516387236 ], [ -58.990572545685254, -27.48059950626665 ], [ -58.989703876393484, -27.479818433112008 ], [ -58.987303301884339, -27.477668011121366 ], [ -58.987148596872423, -27.477805287094849 ], [ -58.986032065018023, -27.484652178790132 ], [ -58.98587537642662, -27.485634520249619 ], [ -58.985758676626432, -27.485619719522873 ], [ -58.986359502358155, -27.486158345074429 ], [ -58.987039339893684, -27.485555178094629 ], [ -58.987125587968549, -27.485473742949608 ], [ -58.988930217543107, -27.487091491761266 ], [ -58.993351420667736, -27.483087516387236 ] ] ] ] } },
{ "type": "Feature", "properties": { "Barrio": "U.P.C.P.", "Municipio": "Resistencia", "ID": 172, "Área": 63247.68, "Perímetro": 1134.1 }, "geometry": { "type": "MultiPolygon", "coordinates": [ [ [ [ -58.988812761229802, -27.487155966212171 ], [ -58.987183607393604, -27.48568553532473 ], [ -58.984741205758546, -27.48783009039035 ], [ -58.985490117140209, -27.488498903181473 ], [ -58.985530613545656, -27.488498997143488 ], [ -58.986353864088642, -27.487770334136119 ], [ -58.987231131002368, -27.488554258188753 ], [ -58.988812761229802, -27.487155966212171 ] ] ] ] } },
{ "type": "Feature", "properties": { "Barrio": "COOP. AUNAR", "Municipio": "Resistencia", "ID": 173, "Área": 10026.95, "Perímetro": 394.41 }, "geometry": { "type": "MultiPolygon", "coordinates": [ [ [ [ -58.986396325737445, -27.488020425758812 ], [ -58.986355833544792, -27.4880203320829 ], [ -58.985698644845776, -27.488603386124662 ], [ -58.985698539577569, -27.488639497551286 ], [ -58.986392960540407, -27.489265363418017 ], [ -58.98643345722774, -27.489265458027216 ], [ -58.987090649258789, -27.488682400593479 ], [ -58.987090747978009, -27.488646291816426 ], [ -58.986396325737445, -27.488020425758812 ] ] ] ] } },
{ "type": "Feature", "properties": { "Barrio": "SAN VALENTIN", "Municipio": "Resistencia", "ID": 174, "Área": 55906.11, "Perímetro": 1031.87 }, "geometry": { "type": "MultiPolygon", "coordinates": [ [ [ [ -58.986278729560055, -27.486277845695653 ], [ -58.985761961814141, -27.485814323478298 ], [ -58.985724368996436, -27.485723701339719 ], [ -58.985737879772721, -27.4856433910257 ], [ -58.982474810393306, -27.485222431617707 ], [ -58.982182218675142, -27.485482491901767 ], [ -58.984664959800504, -27.487709563564746 ], [ -58.986278729560055, -27.486277845695653 ] ] ] ] } },
{ "type": "Feature", "properties": { "Barrio": "J. NAZARETH", "Municipio": "Resistencia", "ID": 175, "Área": 69791.21, "Perímetro": 1093.36 }, "geometry": { "type": "MultiPolygon", "coordinates": [ [ [ [ -58.981140797306011, -27.481620332987074 ], [ -58.979498221880988, -27.48307756127155 ], [ -58.982110424534923, -27.485419559212399 ], [ -58.982369509224981, -27.485189709440043 ], [ -58.982713897751047, -27.483030711580046 ], [ -58.981140797306011, -27.481620332987074 ] ] ] ] } },
{ "type": "Feature", "properties": { "Barrio": "J. ALBERDI", "Municipio": "Resistencia", "ID": 176, "Área": 296769.33, "Perímetro": 2511.44 }, "geometry": { "type": "MultiPolygon", "coordinates": [ [ [ [ -58.986455635360656, -27.476904829409591 ], [ -58.981215079420465, -27.481550107763148 ], [ -58.982947158746427, -27.483103017207398 ], [ -58.982623189723952, -27.485130308544122 ], [ -58.985748421124079, -27.485526833164709 ], [ -58.986127327725576, -27.483235589002057 ], [ -58.986177942045941, -27.483020107259755 ], [ -58.987005885459816, -27.477677344184077 ], [ -58.987160593411559, -27.477540077411717 ], [ -58.986915714660825, -27.477320537424692 ], [ -58.986455635360656, -27.476904829409591 ] ] ] ] } },
{ "type": "Feature", "properties": { "Barrio": "17 DE OCTUBRE", "Municipio": "Resistencia", "ID": 177, "Área": 52024.12, "Perímetro": 1002.8 }, "geometry": { "type": "MultiPolygon", "coordinates": [ [ [ [ -58.979274000972744, -27.483265627987269 ], [ -58.976728593120136, -27.485523668823621 ], [ -58.977776329083028, -27.486460510281823 ], [ -58.980320443658002, -27.484203843358088 ], [ -58.979274000972744, -27.483265627987269 ] ] ] ] } },
{ "type": "Feature", "properties": { "Barrio": "HIPOLITO IRIGOYEN", "Municipio": "Resistencia", "ID": 178, "Área": 64903.5, "Perímetro": 1232.65 }, "geometry": { "type": "MultiPolygon", "coordinates": [ [ [ [ -58.980463148184477, -27.48433179297249 ], [ -58.977383832755628, -27.487063481913548 ], [ -58.977752107673076, -27.487392908380915 ], [ -58.977429062381674, -27.487679298027889 ], [ -58.978067719416238, -27.488259835050851 ], [ -58.981474937583457, -27.48523725594848 ], [ -58.980463148184477, -27.48433179297249 ] ] ] ] } },
{ "type": "Feature", "properties": { "Barrio": "120 VIVIENDAS CGT", "Municipio": "Resistencia", "ID": 179, "Área": 73938.87, "Perímetro": 1379.51 }, "geometry": { "type": "MultiPolygon", "coordinates": [ [ [ [ -58.976581564351044, -27.485653874706568 ], [ -58.973246223032206, -27.488612084039314 ], [ -58.973256065913354, -27.488747686261036 ], [ -58.974220231691653, -27.489612181630822 ], [ -58.976913463672666, -27.487228123481053 ], [ -58.977420538886285, -27.487684551162562 ], [ -58.977752107673076, -27.487392908380915 ], [ -58.977659248457961, -27.487310420844928 ], [ -58.977383832755628, -27.487063481913548 ], [ -58.977770346294605, -27.486719533589458 ], [ -58.977628005322281, -27.4865921190219 ], [ -58.976581564351044, -27.485653874706568 ] ] ] ] } },
{ "type": "Feature", "properties": { "Barrio": "130 VIVIENDAS", "Municipio": "Resistencia", "ID": 180, "Área": 34681.78, "Perímetro": 966.04 }, "geometry": { "type": "MultiPolygon", "coordinates": [ [ [ [ -58.976381077600657, -27.489755524339003 ], [ -58.975375217974168, -27.488853676153745 ], [ -58.974219548674292, -27.489866900546573 ], [ -58.973605926609416, -27.48931628678536 ], [ -58.973476798103455, -27.489430820980317 ], [ -58.973819285933295, -27.489737905713831 ], [ -58.97335298788694, -27.490151511010193 ], [ -58.973329486570314, -27.490350519093365 ], [ -58.974037008036035, -27.490981784616828 ], [ -58.97475441854008, -27.490345494169873 ], [ -58.975230107525398, -27.490772036415962 ], [ -58.97537452754775, -27.490647478881282 ], [ -58.976381077600657, -27.489755524339003 ] ] ] ] } },
{ "type": "Feature", "properties": { "Barrio": "100 VIVIENDAS CGT", "Municipio": "Resistencia", "ID": 181, "Área": 30395.7, "Perímetro": 712.81 }, "geometry": { "type": "MultiPolygon", "coordinates": [ [ [ [ -58.976913398961152, -27.487480788897813 ], [ -58.975375217974168, -27.488853676153745 ], [ -58.976381077600657, -27.489755524339003 ], [ -58.977924251884659, -27.488387103281021 ], [ -58.976913398961152, -27.487480788897813 ] ] ] ] } },
{ "type": "Feature", "properties": { "Barrio": "FORTINES ARGENTINOS", "Municipio": "Resistencia", "ID": 182, "Área": 184483.04, "Perímetro": 1892.03 }, "geometry": { "type": "MultiPolygon", "coordinates": [ [ [ [ -58.976532749898837, -27.485499485993152 ], [ -58.972102796137769, -27.489417693869822 ], [ -58.974461483626193, -27.491525769215574 ], [ -58.978028572143174, -27.488353417522848 ], [ -58.976912150653511, -27.487352454382556 ], [ -58.977765359306908, -27.486595587703672 ], [ -58.976532749898837, -27.485499485993152 ] ] ] ] } },
{ "type": "Feature", "properties": { "Barrio": "244 VIVIENDAS", "Municipio": "Resistencia", "ID": 183, "Área": 85186.83, "Perímetro": 1190.02 }, "geometry": { "type": "MultiPolygon", "coordinates": [ [ [ [ -58.981617645846207, -27.485365198124175 ], [ -58.979072737642994, -27.487622712741729 ], [ -58.98078079939377, -27.489163584449816 ], [ -58.983327369546977, -27.48689801305893 ], [ -58.981617645846207, -27.485365198124175 ] ] ] ] } },
{ "type": "Feature", "properties": { "Barrio": "240 VIVIENDAS", "Municipio": "Resistencia", "ID": 184, "Área": 68664.74, "Perímetro": 1170.27 }, "geometry": { "type": "MultiPolygon", "coordinates": [ [ [ [ -58.978929416924345, -27.487749855904365 ], [ -58.976775581364713, -27.489660449788328 ], [ -58.976902594493758, -27.489774329164106 ], [ -58.977225402226523, -27.489487975320401 ], [ -58.977755062456936, -27.489962852209782 ], [ -58.977432248562927, -27.490249206315667 ], [ -58.978485711800182, -27.49119829012345 ], [ -58.980637532971535, -27.489284047819581 ], [ -58.978929416924345, -27.487749855904365 ] ] ] ] } },
{ "type": "Feature", "properties": { "Barrio": "12 VIVIENDAS", "Municipio": "Resistencia", "ID": 185, "Área": 2400.0, "Perímetro": 200.0 }, "geometry": { "type": "MultiPolygon", "coordinates": [ [ [ [ -58.946480981920224, -27.461381324285863 ], [ -58.946194041962315, -27.461635792707238 ], [ -58.946621950211707, -27.4620197280606 ], [ -58.94690888721761, -27.461765257846327 ], [ -58.946480981920224, -27.461381324285863 ] ] ] ] } },
{ "type": "Feature", "properties": { "Barrio": "LA FRANCE", "Municipio": "Resistencia", "ID": 186, "Área": 42949.93, "Perímetro": 1870.74 }, "geometry": { "type": "MultiPolygon", "coordinates": [ [ [ [ -58.950173087094512, -27.465313286204267 ], [ -58.947246055477954, -27.473039396683113 ], [ -58.948013039945863, -27.472423148575665 ], [ -58.950652368510468, -27.465457421732783 ], [ -58.950173087094512, -27.465313286204267 ] ] ] ] } },
{ "type": "Feature", "properties": { "Barrio": "ASENTAMIENTO GOLF CLUB", "Municipio": "Resistencia", "ID": 187, "Área": 9684.34, "Perímetro": 1011.7 }, "geometry": { "type": "MultiPolygon", "coordinates": [ [ [ [ -58.952720281404119, -27.463157212751852 ], [ -58.952548036845691, -27.463251988880646 ], [ -58.952875750733689, -27.463693571887582 ], [ -58.952959026979229, -27.463795597969831 ], [ -58.953054241623214, -27.463861497882402 ], [ -58.953148298281825, -27.463895471051668 ], [ -58.953248065301473, -27.463910398738221 ], [ -58.953348286736208, -27.463922629933517 ], [ -58.953568775589183, -27.463949539225812 ], [ -58.957156521948676, -27.464388359766698 ], [ -58.957186126689905, -27.464211188972214 ], [ -58.956294270454229, -27.464101823560064 ], [ -58.955502593902786, -27.464004743165262 ], [ -58.954310084412384, -27.463858500976734 ], [ -58.953598580681032, -27.46377123925485 ], [ -58.953378113613098, -27.46374420204603 ], [ -58.953277899986738, -27.46373191047627 ], [ -58.953178502293241, -27.463714740539736 ], [ -58.953165932154263, -27.463709932165052 ], [ -58.953105474175345, -27.463671084432537 ], [ -58.953044441304641, -27.463593944677811 ], [ -58.952720281404119, -27.463157212751852 ] ] ] ] } },
{ "type": "Feature", "properties": { "Barrio": "PLAN 56 VIMUJERES ARGENTINAS", "Municipio": "Resistencia", "ID": 188, "Área": 15613.53, "Perímetro": 650.79 }, "geometry": { "type": "MultiPolygon", "coordinates": [ [ [ [ -58.945386704976812, -27.464864990445918 ], [ -58.945302087366166, -27.46525875413721 ], [ -58.945766383466271, -27.46567490101074 ], [ -58.945300866725312, -27.466089328200486 ], [ -58.946313528058703, -27.466999018676901 ], [ -58.946636294890588, -27.466712789878407 ], [ -58.946422132157004, -27.466520784648807 ], [ -58.946830188009805, -27.466158831121682 ], [ -58.945386704976812, -27.464864990445918 ] ] ] ] } },
{ "type": "Feature", "properties": { "Barrio": "DON BOSCO", "Municipio": "Resistencia", "ID": 189, "Área": 82079.59, "Perímetro": 1323.89 }, "geometry": { "type": "MultiPolygon", "coordinates": [ [ [ [ -58.963304680020158, -27.456068551301215 ], [ -58.960454711863264, -27.459782269027386 ], [ -58.961312828278835, -27.46055203248595 ], [ -58.964836736845172, -27.457440831419312 ], [ -58.963304680020158, -27.456068551301215 ] ] ] ] } },
{ "type": "Feature", "properties": { "Barrio": "AEROPUERTO", "Municipio": "Resistencia", "ID": 190, "Área": 333712.49, "Perímetro": 2637.94 }, "geometry": { "type": "MultiPolygon", "coordinates": [ [ [ [ -58.972124910555351, -27.476788202510239 ], [ -58.972084425668449, -27.476788103914615 ], [ -58.965096132790862, -27.482985550088859 ], [ -58.965096020870135, -27.48302166134452 ], [ -58.967502879369277, -27.485189931392952 ], [ -58.974530426342589, -27.478945272038587 ], [ -58.972124910555351, -27.476788202510239 ] ] ] ] } },
{ "type": "Feature", "properties": { "Barrio": "HIPOLITO IRIGOYEN", "Municipio": "Resistencia", "ID": 191, "Área": 71664.12, "Perímetro": 1217.28 }, "geometry": { "type": "MultiPolygon", "coordinates": [ [ [ [ -58.977962237551296, -27.482022433402374 ], [ -58.974732895914777, -27.48487900348935 ], [ -58.975882824338171, -27.485897026504254 ], [ -58.979096988347443, -27.483039863127384 ], [ -58.977962237551296, -27.482022433402374 ] ] ] ] } },
{ "type": "Feature", "properties": { "Barrio": "74 VIVIENDAS", "Municipio": "Resistencia", "ID": 192, "Área": 24799.21, "Perímetro": 735.64 }, "geometry": { "type": "MultiPolygon", "coordinates": [ [ [ [ -58.975304000499754, -27.481821257653124 ], [ -58.97394840901957, -27.480605733362346 ], [ -58.973448031663494, -27.481047500555697 ], [ -58.973003540571284, -27.48064892832231 ], [ -58.972673570092702, -27.480941634079667 ], [ -58.974477824637461, -27.482554843624964 ], [ -58.975304000499754, -27.481821257653124 ] ] ] ] } },
{ "type": "Feature", "properties": { "Barrio": "GOLUZURIAGA", "Municipio": "Resistencia", "ID": 193, "Área": 494932.21, "Perímetro": 3948.01 }, "geometry": { "type": "MultiPolygon", "coordinates": [ [ [ [ -58.972089600279432, -27.489259880728483 ], [ -58.975763718867704, -27.486000865371356 ], [ -58.974622121608981, -27.484977270278339 ], [ -58.974480364362336, -27.484850389264732 ], [ -58.977814406474828, -27.481890398403195 ], [ -58.974693229630951, -27.479091265502454 ], [ -58.974652887530802, -27.479091168688843 ], [ -58.973115331455624, -27.48045511557044 ], [ -58.973115228276754, -27.480491224255321 ], [ -58.973487431286493, -27.480824988504295 ], [ -58.973846087636339, -27.48050682660643 ], [ -58.975454185842963, -27.481946512456229 ], [ -58.974622611328833, -27.48268423472522 ], [ -58.974477824637461, -27.482554843624964 ], [ -58.972673570092702, -27.480941634079667 ], [ -58.973003540571284, -27.48064892832231 ], [ -58.972948609204217, -27.480599667870553 ], [ -58.967643171050284, -27.485308980591672 ], [ -58.971034732504883, -27.488350224399667 ], [ -58.972049107796629, -27.489259781975225 ], [ -58.972089600279432, -27.489259880728483 ] ] ] ] } },
{ "type": "Feature", "properties": { "Barrio": "MINISTRO RAWSON", "Municipio": "Resistencia", "ID": 194, "Área": 215599.97, "Perímetro": 2400.0 }, "geometry": { "type": "MultiPolygon", "coordinates": [ [ [ [ -58.979279335440715, -27.470403671327215 ], [ -58.972250206632395, -27.476639696094075 ], [ -58.973819767453527, -27.47804716323186 ], [ -58.98084889860003, -27.471811061349278 ], [ -58.979279335440715, -27.470403671327215 ] ] ] ] } },
{ "type": "Feature", "properties": { "Barrio": "13 DE DICIEMBRE", "Municipio": "Resistencia", "ID": 195, "Área": 143272.01, "Perímetro": 2084.23 }, "geometry": { "type": "MultiPolygon", "coordinates": [ [ [ [ -58.980109923729174, -27.482156635937656 ], [ -58.984267857951799, -27.478462528940238 ], [ -58.983621855246611, -27.477882963533862 ], [ -58.984488168129573, -27.477126747105626 ], [ -58.98366445060887, -27.476381959181793 ], [ -58.980925513241623, -27.478829405950425 ], [ -58.980780270487287, -27.478688490379845 ], [ -58.979959764339668, -27.477952810119891 ], [ -58.978542572443949, -27.479211322241643 ], [ -58.980471288809326, -27.480945122918811 ], [ -58.979610474779975, -27.481708820084258 ], [ -58.980109923729174, -27.482156635937656 ] ] ] ] } },
{ "type": "Feature", "properties": { "Barrio": "AMUDOCH", "Municipio": "Resistencia", "ID": 196, "Área": 9000.0, "Perímetro": 380.0 }, "geometry": { "type": "MultiPolygon", "coordinates": [ [ [ [ -58.98269788990261, -27.475516041955981 ], [ -58.981980656845344, -27.476152403157904 ], [ -58.982622796162346, -27.476728146098605 ], [ -58.983340029484424, -27.476091781640875 ], [ -58.98269788990261, -27.475516041955981 ] ] ] ] } },
{ "type": "Feature", "properties": { "Barrio": "LOTERIA CHAQUEÑA", "Municipio": "Resistencia", "ID": 197, "Área": 35926.95, "Perímetro": 1334.08 }, "geometry": { "type": "MultiPolygon", "coordinates": [ [ [ [ -58.981842142366297, -27.47628282087388 ], [ -58.981124893296681, -27.47691918360043 ], [ -58.981589741011078, -27.47733617543993 ], [ -58.981087494104813, -27.477782604655527 ], [ -58.980623727349524, -27.477366786726112 ], [ -58.979959764339668, -27.477952810119891 ], [ -58.980780270487287, -27.478688490379845 ], [ -58.982663727157068, -27.477019672054276 ], [ -58.981842142366297, -27.47628282087388 ] ] ], [ [ [ -58.983849480972182, -27.474501443020003 ], [ -58.982843617863203, -27.475391904993128 ], [ -58.983664756361236, -27.476127932268945 ], [ -58.98372001564838, -27.476079793482889 ], [ -58.98404383209256, -27.474675571262619 ], [ -58.983849480972182, -27.474501443020003 ] ] ] ] } },
{ "type": "Feature", "properties": { "Barrio": "JUAN ALBERDI", "Municipio": "Resistencia", "ID": 198, "Área": 45815.65, "Perímetro": 1082.33 }, "geometry": { "type": "MultiPolygon", "coordinates": [ [ [ [ -58.983912641372697, -27.477887975568855 ], [ -58.984412094601346, -27.478335773546139 ], [ -58.986278479014842, -27.47668259785226 ], [ -58.98404383209256, -27.474675571262619 ], [ -58.98372001564838, -27.476079793482889 ], [ -58.983696129530692, -27.476158580584602 ], [ -58.984773030780929, -27.477125686364463 ], [ -58.983912641372697, -27.477887975568855 ] ] ] ] } },
{ "type": "Feature", "properties": { "Barrio": "UPCP", "Municipio": "Resistencia", "ID": 199, "Área": 27646.15, "Perímetro": 940.8 }, "geometry": { "type": "MultiPolygon", "coordinates": [ [ [ [ -58.982882263542955, -27.473634248226542 ], [ -58.981878142991143, -27.47452516092234 ], [ -58.982698644731883, -27.475260829938662 ], [ -58.983702759679225, -27.474369912276877 ], [ -58.982882263542955, -27.473634248226542 ] ] ], [ [ [ -58.980013317932901, -27.476179681272878 ], [ -58.979293191961169, -27.476818580491546 ], [ -58.980113686410057, -27.477554264456824 ], [ -58.980833818784205, -27.476915362007869 ], [ -58.980013317932901, -27.476179681272878 ] ] ] ] } },
{ "type": "Feature", "properties": { "Barrio": "COSMETOLOGOS", "Municipio": "Resistencia", "ID": 200, "Área": 11294.98, "Perímetro": 425.8 }, "geometry": { "type": "MultiPolygon", "coordinates": [ [ [ [ -58.979930508274521, -27.474571575296668 ], [ -58.979210392673295, -27.475210468188017 ], [ -58.980013038172196, -27.475930158399791 ], [ -58.980733154106886, -27.475291261422548 ], [ -58.979930508274521, -27.474571575296668 ] ] ] ] } },
{ "type": "Feature", "properties": { "Barrio": "VIALES", "Municipio": "Resistencia", "ID": 201, "Área": 11295.03, "Perímetro": 425.8 }, "geometry": { "type": "MultiPolygon", "coordinates": [ [ [ [ -58.979067978669434, -27.47533204664656 ], [ -58.97834785214576, -27.475970933827043 ], [ -58.979150498164699, -27.476690635255917 ], [ -58.979870624068838, -27.476051737665934 ], [ -58.979067978669434, -27.47533204664656 ] ] ] ] } },
{ "type": "Feature", "properties": { "Barrio": "MUPESA", "Municipio": "Resistencia", "ID": 202, "Área": 11015.93, "Perímetro": 540.64 }, "geometry": { "type": "MultiPolygon", "coordinates": [ [ [ [ -58.980278661447869, -27.473343352799091 ], [ -58.978693839983215, -27.474741222926781 ], [ -58.979050569159448, -27.475061087267768 ], [ -58.980635384897994, -27.473663214001867 ], [ -58.980278661447869, -27.473343352799091 ] ] ] ] } },
{ "type": "Feature", "properties": { "Barrio": "ELISA", "Municipio": "Resistencia", "ID": 203, "Área": 350094.64, "Perímetro": 5032.28 }, "geometry": { "type": "MultiPolygon", "coordinates": [ [ [ [ -58.979242744162242, -27.482917860100727 ], [ -58.979960037639486, -27.48228151433409 ], [ -58.979312087828291, -27.481705011842031 ], [ -58.979476274469896, -27.481558462477363 ], [ -58.980153107911413, -27.480958004955205 ], [ -58.98015322079744, -27.480922021719916 ], [ -58.978251657795141, -27.479206213157191 ], [ -58.979973102889204, -27.477678986536024 ], [ -58.978042999567002, -27.475953331967467 ], [ -58.978907124368149, -27.475188359982099 ], [ -58.978479380583465, -27.474804268032837 ], [ -58.980344207059765, -27.473149764316243 ], [ -58.980924597348817, -27.473660227480238 ], [ -58.980053251171888, -27.474430859038399 ], [ -58.981016785891796, -27.475294797664557 ], [ -58.980156773918125, -27.476052410225194 ], [ -58.98097726775579, -27.476788090076283 ], [ -58.982554162053951, -27.475393792761828 ], [ -58.981590615406859, -27.474530496999609 ], [ -58.982739569443147, -27.473506307513535 ], [ -58.980991589285651, -27.471939010235648 ], [ -58.973958901171386, -27.478169895442765 ], [ -58.979242744162242, -27.482917860100727 ] ] ], [ [ [ -58.980982359353376, -27.477048606373568 ], [ -58.980623727349524, -27.477366786726112 ], [ -58.980980470493606, -27.477686643677689 ], [ -58.981339095406575, -27.477368471391788 ], [ -58.980982359353376, -27.477048606373568 ] ] ], [ [ [ -58.983340029484424, -27.476091781640875 ], [ -58.982622796162346, -27.476728146098605 ], [ -58.982801164906078, -27.476888071702302 ], [ -58.983518404371523, -27.476251706384513 ], [ -58.983340029484424, -27.476091781640875 ] ] ] ] } },
{ "type": "Feature", "properties": { "Barrio": "60 VIVIENDAS", "Municipio": "Resistencia", "ID": 204, "Área": 13702.45, "Perímetro": 474.05 }, "geometry": { "type": "MultiPolygon", "coordinates": [ [ [ [ -58.986247467755859, -27.474978171966704 ], [ -58.985530259074437, -27.475614552161062 ], [ -58.986508459850441, -27.476490631351528 ], [ -58.987225669938695, -27.475854246204783 ], [ -58.986247467755859, -27.474978171966704 ] ] ] ] } },
{ "type": "Feature", "properties": { "Barrio": "GASTRONOMICO", "Municipio": "Resistencia", "ID": 205, "Área": 7115.52, "Perímetro": 342.28 }, "geometry": { "type": "MultiPolygon", "coordinates": [ [ [ [ -58.98487832615541, -27.473751655697395 ], [ -58.984161110948534, -27.474388028898353 ], [ -58.984668602412825, -27.474843839694579 ], [ -58.985385092690564, -27.474208100211058 ], [ -58.98487832615541, -27.473751655697395 ] ] ] ] } },
{ "type": "Feature", "properties": { "Barrio": "SITIA", "Municipio": "Resistencia", "ID": 206, "Área": 8483.98, "Perímetro": 381.4 }, "geometry": { "type": "MultiPolygon", "coordinates": [ [ [ [ -58.98588241400256, -27.472860726720143 ], [ -58.98502177345501, -27.473624382062123 ], [ -58.985526204860712, -27.474076649187992 ], [ -58.986386848691758, -27.473312990799339 ], [ -58.98588241400256, -27.472860726720143 ] ] ] ] } },
{ "type": "Feature", "properties": { "Barrio": "28 VIVS. COPERVI", "Municipio": "Resistencia", "ID": 207, "Área": 3857.7, "Perímetro": 287.05 }, "geometry": { "type": "MultiPolygon", "coordinates": [ [ [ [ -58.991357267412226, -27.471501883507006 ], [ -58.991052221205905, -27.471780924396597 ], [ -58.991120005140012, -27.471841701117246 ], [ -58.99118845904863, -27.471902792168454 ], [ -58.99084621246196, -27.4722045406271 ], [ -58.991083949472902, -27.472417674857756 ], [ -58.991736566837972, -27.471838546024976 ], [ -58.991357267412226, -27.471501883507006 ] ] ] ] } },
{ "type": "Feature", "properties": { "Barrio": "INDEPENDENCIA", "Municipio": "Resistencia", "ID": 208, "Área": 81117.76, "Perímetro": 1193.54 }, "geometry": { "type": "MultiPolygon", "coordinates": [ [ [ [ -58.989972978240694, -27.470256617153254 ], [ -58.98746389225925, -27.472486543743663 ], [ -58.989225432613367, -27.474067740085879 ], [ -58.990841626522453, -27.472636055789728 ], [ -58.990663610009697, -27.472476537185649 ], [ -58.990841968924009, -27.472317756519455 ], [ -58.990712821955007, -27.472201980189119 ], [ -58.991051389577279, -27.471898438591669 ], [ -58.990986950848033, -27.471840149514168 ], [ -58.991357267412226, -27.471501883507006 ], [ -58.989972978240694, -27.470256617153254 ] ] ] ] } },
{ "type": "Feature", "properties": { "Barrio": "UOM", "Municipio": "Resistencia", "ID": 209, "Área": 17131.41, "Perímetro": 548.5 }, "geometry": { "type": "MultiPolygon", "coordinates": [ [ [ [ -58.987565652772282, -27.470174737154736 ], [ -58.987431445447882, -27.471069090803756 ], [ -58.9877786699913, -27.471110535022493 ], [ -58.987919895698013, -27.471238296665895 ], [ -58.988250174337232, -27.471534405851756 ], [ -58.989377887951136, -27.470532437543735 ], [ -58.989382568077225, -27.470501590165391 ], [ -58.989241723533148, -27.470375317121707 ], [ -58.987565652772282, -27.470174737154736 ] ] ] ] } },
{ "type": "Feature", "properties": { "Barrio": "26 VIVS. UOM", "Municipio": "Resistencia", "ID": 210, "Área": 3099.57, "Perímetro": 261.97 }, "geometry": { "type": "MultiPolygon", "coordinates": [ [ [ [ -58.98710442374302, -27.470119665061784 ], [ -58.986970228194686, -27.471013771943092 ], [ -58.98728102322854, -27.471051129963985 ], [ -58.987415251943013, -27.470156779343974 ], [ -58.98710442374302, -27.470119665061784 ] ] ] ] } },
{ "type": "Feature", "properties": { "Barrio": "42 VIVS. COOP. EMPRESARIOS", "Municipio": "Resistencia", "ID": 211, "Área": 6411.99, "Perímetro": 328.26 }, "geometry": { "type": "MultiPolygon", "coordinates": [ [ [ [ -58.988140430400627, -27.470052755035812 ], [ -58.98826752766962, -27.469157299337319 ], [ -58.987624216825388, -27.46908464455246 ], [ -58.987497113500304, -27.469980095918014 ], [ -58.988140430400627, -27.470052755035812 ] ] ] ] } },
{ "type": "Feature", "properties": { "Barrio": "MUPUNE", "Municipio": "Resistencia", "ID": 212, "Área": 10234.81, "Perímetro": 404.7 }, "geometry": { "type": "MultiPolygon", "coordinates": [ [ [ [ -58.983825954101818, -27.472808096431173 ], [ -58.983108738258615, -27.473444470605468 ], [ -58.983839619055551, -27.474098612933126 ], [ -58.984556834122344, -27.473462241361762 ], [ -58.983825954101818, -27.472808096431173 ] ] ] ] } },
{ "type": "Feature", "properties": { "Barrio": "UDOCHA", "Municipio": "Resistencia", "ID": 213, "Área": 29688.86, "Perímetro": 717.41 }, "geometry": { "type": "MultiPolygon", "coordinates": [ [ [ [ -58.988286859916911, -27.465673704785992 ], [ -58.987701670072916, -27.46619300578314 ], [ -58.987540309458161, -27.467257072901326 ], [ -58.988472454724992, -27.467369620636418 ], [ -58.988606642184642, -27.467495670107205 ], [ -58.989031582105021, -27.467876663843867 ], [ -58.989892152876607, -27.467112981161108 ], [ -58.988286859916911, -27.465673704785992 ] ] ] ] } },
{ "type": "Feature", "properties": { "Barrio": "COSECHA", "Municipio": "Resistencia", "ID": 214, "Área": 16000.06, "Perímetro": 520.0 }, "geometry": { "type": "MultiPolygon", "coordinates": [ [ [ [ -58.986824043034005, -27.468987648640965 ], [ -58.985220093531971, -27.468793982301236 ], [ -58.985084383921723, -27.469688152925805 ], [ -58.98668834597877, -27.469881826562446 ], [ -58.986824043034005, -27.468987648640965 ] ] ] ] } },
{ "type": "Feature", "properties": { "Barrio": "LLAPONAGAT- 185 VIVIENDAS", "Municipio": "Resistencia", "ID": 215, "Área": 22803.15, "Perímetro": 628.98 }, "geometry": { "type": "MultiPolygon", "coordinates": [ [ [ [ -58.983535463112581, -27.469993229260375 ], [ -58.984803341507842, -27.470148076061502 ], [ -58.985013112347566, -27.468772644436644 ], [ -58.983411892451414, -27.468574625213289 ], [ -58.983272657654275, -27.469467310773052 ], [ -58.983620355808824, -27.469509538412293 ], [ -58.98358186220721, -27.469687420343515 ], [ -58.983535463112581, -27.469993229260375 ] ] ] ] } },
{ "type": "Feature", "properties": { "Barrio": "BANCARIOS", "Municipio": "Resistencia", "ID": 216, "Área": 8263.66, "Perímetro": 430.67 }, "geometry": { "type": "MultiPolygon", "coordinates": [ [ [ [ -58.983102033085892, -27.470075948898526 ], [ -58.982954825886857, -27.470206321668616 ], [ -58.983361982589102, -27.470570512526749 ], [ -58.98471211026169, -27.470736516548225 ], [ -58.984782075627649, -27.470282401806497 ], [ -58.983102033085892, -27.470075948898526 ] ] ] ] } },
{ "type": "Feature", "properties": { "Barrio": "LLAPONAGAT- 229 VIVIENDAS", "Municipio": "Resistencia", "ID": 217, "Área": 95268.77, "Perímetro": 1782.89 }, "geometry": { "type": "MultiPolygon", "coordinates": [ [ [ [ -58.981188682216946, -27.46888183831323 ], [ -58.979598635957302, -27.470292637991662 ], [ -58.982966859171334, -27.473313926463355 ], [ -58.984530269793716, -27.471926415448866 ], [ -58.984682272932289, -27.470912275491528 ], [ -58.98342883551706, -27.470763168981161 ], [ -58.983321841707152, -27.471478695606297 ], [ -58.983228809330065, -27.47164934558101 ], [ -58.982881426694874, -27.471957883616433 ], [ -58.981936289247614, -27.471108912587606 ], [ -58.981784407877925, -27.470991930542294 ], [ -58.982669075355965, -27.470206977323013 ], [ -58.981188682216946, -27.46888183831323 ] ] ] ] } },
{ "type": "Feature", "properties": { "Barrio": "41 VIUTA", "Municipio": "Resistencia", "ID": 218, "Área": 5725.08, "Perímetro": 379.33 }, "geometry": { "type": "MultiPolygon", "coordinates": [ [ [ [ -58.985751387894879, -27.469950341554018 ], [ -58.985696534865227, -27.470306122647486 ], [ -58.986237858138956, -27.470373439211695 ], [ -58.986156763447276, -27.47091087942448 ], [ -58.986513547240726, -27.470954637838293 ], [ -58.986651351135457, -27.47006072736507 ], [ -58.985751387894879, -27.469950341554018 ] ] ] ] } },
{ "type": "Feature", "properties": { "Barrio": "LLAPONAGAT - 102 VIVIENDAS", "Municipio": "Resistencia", "ID": 219, "Área": 1224.93, "Perímetro": 153.6 }, "geometry": { "type": "MultiPolygon", "coordinates": [ [ [ [ -58.985016294588569, -27.470068760314053 ], [ -58.984941598535322, -27.470553266355079 ], [ -58.985168095634428, -27.470581041463614 ], [ -58.985242790657779, -27.470096542495 ], [ -58.985016294588569, -27.470068760314053 ] ] ] ] } },
{ "type": "Feature", "properties": { "Barrio": "AMTTER", "Municipio": "Resistencia", "ID": 220, "Área": 12273.56, "Perímetro": 444.56 }, "geometry": { "type": "MultiPolygon", "coordinates": [ [ [ [ -58.984831602599975, -27.47191858315302 ], [ -58.983970962570851, -27.472682232102358 ], [ -58.984700700173697, -27.473336519548226 ], [ -58.985561343597801, -27.472572866181622 ], [ -58.984831602599975, -27.47191858315302 ] ] ] ] } },
{ "type": "Feature", "properties": { "Barrio": "54 VIVIENDAS", "Municipio": "Resistencia", "ID": 221, "Área": 3179.51, "Perímetro": 392.67 }, "geometry": { "type": "MultiPolygon", "coordinates": [ [ [ [ -58.982880514098596, -27.467218423782665 ], [ -58.982747843387983, -27.467336154151006 ], [ -58.98388784369542, -27.468358339440879 ], [ -58.984192881794783, -27.468395163190106 ], [ -58.982880514098596, -27.467218423782665 ] ] ] ] } },
{ "type": "Feature", "properties": { "Barrio": "NAZARENO", "Municipio": "Resistencia", "ID": 222, "Área": 66091.15, "Perímetro": 1136.59 }, "geometry": { "type": "MultiPolygon", "coordinates": [ [ [ [ -58.986743038661402, -27.472097062917339 ], [ -58.986025850951251, -27.47273344649895 ], [ -58.986673162320265, -27.473313274730668 ], [ -58.985668902981388, -27.47420458804374 ], [ -58.987357981164521, -27.475725353378916 ], [ -58.989084225437715, -27.474195219378775 ], [ -58.986743038661402, -27.472097062917339 ] ] ] ] } },
{ "type": "Feature", "properties": { "Barrio": "LLAPONAGAT", "Municipio": "Resistencia", "ID": 223, "Área": 365123.9, "Perímetro": 7112.05 }, "geometry": { "type": "MultiPolygon", "coordinates": [ [ [ [ -58.986850153310925, -27.468715892788516 ], [ -58.98726462023253, -27.466031664673569 ], [ -58.987270011574395, -27.465996202460602 ], [ -58.987964521486859, -27.465379876901984 ], [ -58.986466298256225, -27.464036536130958 ], [ -58.982880514098596, -27.467218423782665 ], [ -58.984192881794783, -27.468395163190106 ], [ -58.986850153310925, -27.468715892788516 ] ] ], [ [ [ -58.991871075861113, -27.47171027274215 ], [ -58.993448802887748, -27.470310147285677 ], [ -58.990024029531746, -27.467239759684887 ], [ -58.989009342447162, -27.468140710640139 ], [ -58.988369571663249, -27.467539028846311 ], [ -58.987512831379263, -27.467435866375908 ], [ -58.987309823222134, -27.468777192267577 ], [ -58.988814654696213, -27.468960760102334 ], [ -58.991871075861113, -27.47171027274215 ] ] ], [ [ [ -58.982532996234717, -27.467493353067862 ], [ -58.981243488773849, -27.468637537658015 ], [ -58.982813057467318, -27.470044902305879 ], [ -58.983001394835497, -27.469877789305521 ], [ -58.983263763533543, -27.468148610792007 ], [ -58.982532996234717, -27.467493353067862 ] ] ], [ [ [ -58.984885502615548, -27.47091706623992 ], [ -58.9847830495425, -27.471592163829392 ], [ -58.985703254429005, -27.472421664547049 ], [ -58.986381497663452, -27.471822306089134 ], [ -58.986489485161854, -27.471110725485193 ], [ -58.984885502615548, -27.47091706623992 ] ] ], [ [ [ -58.988335445247721, -27.47008434236729 ], [ -58.989049673593392, -27.470171514370939 ], [ -58.989220290086472, -27.470101063511351 ], [ -58.989541341932338, -27.470388933666939 ], [ -58.989831811838059, -27.470131205915859 ], [ -58.988831552122456, -27.469234312208076 ], [ -58.98847047002198, -27.469192018382724 ], [ -58.988335445247721, -27.47008434236729 ] ] ], [ [ [ -58.987317331321023, -27.472333624852833 ], [ -58.988104298765329, -27.471638268137191 ], [ -58.987680610059883, -27.471256787957547 ], [ -58.98694048077283, -27.471166032028442 ], [ -58.986828354928107, -27.471893361515448 ], [ -58.987317331321023, -27.472333624852833 ] ] ], [ [ [ -58.985385092690564, -27.474208100211058 ], [ -58.984668602412825, -27.474843839694579 ], [ -58.985379046715344, -27.475480003615484 ], [ -58.986096256353093, -27.474843624195437 ], [ -58.985385092690564, -27.474208100211058 ] ] ], [ [ [ -58.98280755447788, -27.470338911794521 ], [ -58.982078160656478, -27.470986097977136 ], [ -58.98288079567903, -27.471705771757961 ], [ -58.983113454907169, -27.471499332970456 ], [ -58.983231842245772, -27.470719346952702 ], [ -58.98280755447788, -27.470338911794521 ] ] ], [ [ [ -58.984910037555466, -27.470757972098479 ], [ -58.986156763447276, -27.47091087942448 ], [ -58.98621905376438, -27.470506828434651 ], [ -58.985436611928847, -27.470412119144921 ], [ -58.985500839568068, -27.469919611119046 ], [ -58.985047848027165, -27.4698640571712 ], [ -58.985016294588569, -27.470068760314053 ], [ -58.985242790657779, -27.470096542495 ], [ -58.985168095634428, -27.470581041463614 ], [ -58.984941598535322, -27.470553266355079 ], [ -58.984910037555466, -27.470757972098479 ] ] ], [ [ [ -58.98726388939572, -27.469044235417172 ], [ -58.98713682014472, -27.469939410528887 ], [ -58.987497113500304, -27.469980095918014 ], [ -58.987624216825388, -27.46908464455246 ], [ -58.98726388939572, -27.469044235417172 ] ] ], [ [ [ -58.983173571740274, -27.46963647462362 ], [ -58.983126893132301, -27.469944069812083 ], [ -58.983492799844413, -27.469988240897923 ], [ -58.983539477438391, -27.469680648268493 ], [ -58.983173571740274, -27.46963647462362 ] ] ] ] } },
{ "type": "Feature", "properties": { "Barrio": "CENTENARIO", "Municipio": "Resistencia", "ID": 224, "Área": 931121.04, "Perímetro": 3858.59 }, "geometry": { "type": "MultiPolygon", "coordinates": [ [ [ [ -58.993605096298332, -27.457709623357815 ], [ -58.98678923828173, -27.463752160388086 ], [ -58.993779976080937, -27.470026328537337 ], [ -59.000572875410988, -27.463992633759865 ], [ -59.000572975534432, -27.463956522065349 ], [ -58.993605096298332, -27.457709623357815 ] ] ] ] } },
{ "type": "Feature", "properties": { "Barrio": "MONSEÑOR DE CARLO", "Municipio": "Resistencia", "ID": 225, "Área": 154819.01, "Perímetro": 1581.92 }, "geometry": { "type": "MultiPolygon", "coordinates": [ [ [ [ -59.000740665338192, -27.451367686951247 ], [ -58.998195330937598, -27.453626743260269 ], [ -59.001299153895239, -27.45641615446733 ], [ -59.003850448830732, -27.454144870582716 ], [ -59.000740665338192, -27.451367686951247 ] ] ] ] } },
{ "type": "Feature", "properties": { "Barrio": "RIO ARAZA", "Municipio": "Resistencia", "ID": 226, "Área": 187208.69, "Perímetro": 1777.74 }, "geometry": { "type": "MultiPolygon", "coordinates": [ [ [ [ -58.997976406322117, -27.453819090278351 ], [ -58.995562115413506, -27.455971031131561 ], [ -58.9955620127324, -27.456007143714693 ], [ -58.999447901731443, -27.459489231971528 ], [ -58.999488390706063, -27.459489322513136 ], [ -59.001904196782917, -27.457340353818608 ], [ -58.997976406322117, -27.453819090278351 ] ] ] ] } },
{ "type": "Feature", "properties": { "Barrio": "PROGRESO", "Municipio": "Resistencia", "ID": 227, "Área": 213293.59, "Perímetro": 2380.84 }, "geometry": { "type": "MultiPolygon", "coordinates": [ [ [ [ -58.995393654934283, -27.45611270752417 ], [ -58.993820942533958, -27.457516319315879 ], [ -59.000740636524938, -27.463724549280233 ], [ -59.002317032994284, -27.462329265343691 ], [ -58.995393654934283, -27.45611270752417 ] ] ] ] } },
{ "type": "Feature", "properties": { "Barrio": "DEL PARQUE", "Municipio": "Resistencia", "ID": 228, "Área": 138201.11, "Perímetro": 1491.12 }, "geometry": { "type": "MultiPolygon", "coordinates": [ [ [ [ -59.002034321250953, -27.45745600237343 ], [ -59.001993840072615, -27.45745591264253 ], [ -58.99956580861069, -27.45960362105685 ], [ -59.002464220685638, -27.462196936501467 ], [ -59.004908052684911, -27.46003657515865 ], [ -59.002034321250953, -27.45745600237343 ] ] ] ] } },
{ "type": "Feature", "properties": { "Barrio": "BELGRANO", "Municipio": "Resistencia", "ID": 229, "Área": 188118.62, "Perímetro": 1768.32 }, "geometry": { "type": "MultiPolygon", "coordinates": [ [ [ [ -59.003953718568674, -27.454252466648164 ], [ -59.00142945840539, -27.456494226068408 ], [ -59.001429357580996, -27.456530344118121 ], [ -59.00518956260477, -27.459905552130692 ], [ -59.007731741180145, -27.45764624371526 ], [ -59.003953718568674, -27.454252466648164 ] ] ] ] } },
{ "type": "Feature", "properties": { "Barrio": "DON ENRIQUE", "Municipio": "Resistencia", "ID": 230, "Área": 343236.9, "Perímetro": 2656.45 }, "geometry": { "type": "MultiPolygon", "coordinates": [ [ [ [ -59.008007808867546, -27.444951123473267 ], [ -59.007967229552015, -27.444951089912866 ], [ -59.005492406892351, -27.447142368730994 ], [ -59.005492309654571, -27.447178359649183 ], [ -59.012453425710973, -27.453419602297267 ], [ -59.012493928948849, -27.453419671067948 ], [ -59.01497339928742, -27.451206638705568 ], [ -59.008007808867546, -27.444951123473267 ] ] ] ] } },
{ "type": "Feature", "properties": { "Barrio": "DEL OESTE", "Municipio": "Resistencia", "ID": 231, "Área": 230362.6, "Perímetro": 2423.09 }, "geometry": { "type": "MultiPolygon", "coordinates": [ [ [ [ -59.005352084474943, -27.447311718492177 ], [ -59.005311752597599, -27.447311631766116 ], [ -59.00366744241316, -27.448776357833875 ], [ -59.00366734462056, -27.448812342410548 ], [ -59.010619175706367, -27.455039397616609 ], [ -59.010659587954429, -27.455039525841858 ], [ -59.012301653237202, -27.453578613417953 ], [ -59.012301721946557, -27.45354251941275 ], [ -59.005352084474943, -27.447311718492177 ] ] ] ] } },
{ "type": "Feature", "properties": { "Barrio": "ERCILIA", "Municipio": "Resistencia", "ID": 232, "Área": 349722.0, "Perímetro": 2676.73 }, "geometry": { "type": "MultiPolygon", "coordinates": [ [ [ [ -59.003527777846102, -27.448938703491535 ], [ -59.003487299705554, -27.448938620593577 ], [ -59.000981462855123, -27.451162870875251 ], [ -59.0009813489051, -27.451198977123884 ], [ -59.007988648435472, -27.457480703782977 ], [ -59.010533846230381, -27.455221094757192 ], [ -59.003527777846102, -27.448938703491535 ] ] ] ] } },
{ "type": "Feature", "properties": { "Barrio": "PROVINCIAL", "Municipio": "Resistencia", "ID": 233, "Área": 27568.07, "Perímetro": 673.82 }, "geometry": { "type": "MultiPolygon", "coordinates": [ [ [ [ -59.013094797630252, -27.440405068044587 ], [ -59.012091225695883, -27.441296216400772 ], [ -59.013495411483099, -27.442556043779206 ], [ -59.01449912487665, -27.441664761938593 ], [ -59.013094797630252, -27.440405068044587 ] ] ] ] } },
{ "type": "Feature", "properties": { "Barrio": "FOECYT", "Municipio": "Resistencia", "ID": 234, "Área": 42245.11, "Perímetro": 815.14 }, "geometry": { "type": "MultiPolygon", "coordinates": [ [ [ [ -59.014695572389499, -27.438983586250682 ], [ -59.013200709911153, -27.440306448003827 ], [ -59.014199637025605, -27.441202028922568 ], [ -59.014274908573434, -27.441135192733284 ], [ -59.014770149561258, -27.44158616513079 ], [ -59.015776280416269, -27.440692708775227 ], [ -59.015857893330747, -27.440571020245955 ], [ -59.015928800772919, -27.440336897235856 ], [ -59.01598790253874, -27.440142042023904 ], [ -59.014695572389499, -27.438983586250682 ] ] ] ] } },
{ "type": "Feature", "properties": { "Barrio": "ESPAÑA", "Municipio": "Resistencia", "ID": 235, "Área": 342011.86, "Perímetro": 2909.99 }, "geometry": { "type": "MultiPolygon", "coordinates": [ [ [ [ -59.016094585672128, -27.440239086687569 ], [ -59.015976445837154, -27.440620367728133 ], [ -59.015589151685191, -27.440995348330379 ], [ -59.014846555389703, -27.44164486183378 ], [ -59.014667956338265, -27.441798743345434 ], [ -59.014591092499515, -27.441798199773618 ], [ -59.013823910635587, -27.44247070275453 ], [ -59.013820678097012, -27.442837313945358 ], [ -59.014061192074024, -27.443055294647856 ], [ -59.014426925721978, -27.4433994612059 ], [ -59.014425543604247, -27.443556467261686 ], [ -59.014022135036448, -27.443960784925991 ], [ -59.01314117017526, -27.444743051253599 ], [ -59.012089122696267, -27.445677200855062 ], [ -59.013170456536777, -27.446615882094573 ], [ -59.013304151057653, -27.446616172093261 ], [ -59.013829254505666, -27.446149912049112 ], [ -59.015284562319216, -27.444857641729328 ], [ -59.015504562166669, -27.444805188165148 ], [ -59.018796079730507, -27.447758340010711 ], [ -59.021577911770471, -27.445287274477753 ], [ -59.01915733615072, -27.443111682275077 ], [ -59.01877060031579, -27.442769149495014 ], [ -59.018500740386301, -27.442525352803024 ], [ -59.018501907083454, -27.44239271612096 ], [ -59.016094585672128, -27.440239086687569 ] ] ] ] } },
{ "type": "Feature", "properties": { "Barrio": "PROVINCIAS UNIDAS", "Municipio": "Resistencia", "ID": 236, "Área": 218399.92, "Perímetro": 1870.26 }, "geometry": { "type": "MultiPolygon", "coordinates": [ [ [ [ -59.015427265422758, -27.444985546966127 ], [ -59.011963175987894, -27.448058807098676 ], [ -59.015205006156947, -27.450949725730606 ], [ -59.018653739811889, -27.447881931351443 ], [ -59.015427265422758, -27.444985546966127 ] ] ] ] } },
{ "type": "Feature", "properties": { "Barrio": "NUEVA RESISTENCIA", "Municipio": "Resistencia", "ID": 237, "Área": 17136.86, "Perímetro": 527.8 }, "geometry": { "type": "MultiPolygon", "coordinates": [ [ [ [ -59.018442608531473, -27.439621875880103 ], [ -59.017615425137571, -27.440356468577018 ], [ -59.018674934021604, -27.441306172905062 ], [ -59.019502117887981, -27.440571574920352 ], [ -59.018442608531473, -27.439621875880103 ] ] ] ] } },
{ "type": "Feature", "properties": { "Barrio": "107 VIVIENDAS", "Municipio": "Resistencia", "ID": 238, "Área": 33356.22, "Perímetro": 826.71 }, "geometry": { "type": "MultiPolygon", "coordinates": [ [ [ [ -59.020984209844428, -27.437829202948951 ], [ -59.018812990718217, -27.439759057722309 ], [ -59.019594687167796, -27.440464413494567 ], [ -59.021771468900724, -27.43852972473632 ], [ -59.020984209844428, -27.437829202948951 ] ] ] ] } },
{ "type": "Feature", "properties": { "Barrio": "VELEZ SARFIELD", "Municipio": "Resistencia", "ID": 239, "Área": 243586.77, "Perímetro": 1990.29 }, "geometry": { "type": "MultiPolygon", "coordinates": [ [ [ [ -59.023450201345312, -27.431335519916569 ], [ -59.019753677774659, -27.434618570038339 ], [ -59.023110423122368, -27.437621616499786 ], [ -59.025749763433339, -27.435277408715528 ], [ -59.025821107616224, -27.43534135286404 ], [ -59.026869369406405, -27.434410261141593 ], [ -59.023450201345312, -27.431335519916569 ] ] ] ] } },
{ "type": "Feature", "properties": { "Barrio": "EL TALA", "Municipio": "Resistencia", "ID": 240, "Área": 201749.07, "Perímetro": 2117.59 }, "geometry": { "type": "MultiPolygon", "coordinates": [ [ [ [ -59.019612853481298, -27.434742454226271 ], [ -59.018675337922225, -27.435570561999477 ], [ -59.018603987778853, -27.435506607910906 ], [ -59.017754618865958, -27.436260933455028 ], [ -59.017840229116572, -27.436337676635308 ], [ -59.015478411363823, -27.438445807476473 ], [ -59.017562755576435, -27.440309923229528 ], [ -59.018389945011478, -27.439575331785608 ], [ -59.018499663473847, -27.439480973721874 ], [ -59.018682120759934, -27.439644706146055 ], [ -59.020965062429589, -27.43761722364988 ], [ -59.022003124541754, -27.438541509611522 ], [ -59.022289834198553, -27.438286876999189 ], [ -59.022429463098142, -27.438160771012896 ], [ -59.022465338163997, -27.438194547376881 ], [ -59.022967073279595, -27.43774893516327 ], [ -59.019612853481298, -27.434742454226271 ] ] ] ] } },
{ "type": "Feature", "properties": { "Barrio": "PLAN 40 VIVIENDAS", "Municipio": "Resistencia", "ID": 241, "Área": 15280.31, "Perímetro": 479.71 }, "geometry": { "type": "MultiPolygon", "coordinates": [ [ [ [ -59.026402724892677, -27.437642461220907 ], [ -59.025981802611327, -27.438636879142848 ], [ -59.027097309103141, -27.438938457158653 ], [ -59.02745356319916, -27.438735227022804 ], [ -59.027610786913726, -27.438557316374343 ], [ -59.027650620650668, -27.438512238682026 ], [ -59.027662885338664, -27.43834277228369 ], [ -59.027484378004402, -27.438022969521558 ], [ -59.026402724892677, -27.437642461220907 ] ] ] ] } },
{ "type": "Feature", "properties": { "Barrio": "PLAN 100 VIVIENDAS", "Municipio": "Resistencia", "ID": 242, "Área": 25406.6, "Perímetro": 699.66 }, "geometry": { "type": "MultiPolygon", "coordinates": [ [ [ [ -59.024803031656951, -27.436372953633022 ], [ -59.023894195670508, -27.437180155077744 ], [ -59.024964435439273, -27.438139404858685 ], [ -59.02508415811257, -27.438246710902636 ], [ -59.025352021228429, -27.438336950697597 ], [ -59.025872395040523, -27.438512255557189 ], [ -59.026228206675768, -27.437671461163703 ], [ -59.025849752944751, -27.437543965529795 ], [ -59.025457422708925, -27.437192257410167 ], [ -59.025350358729192, -27.437095685439655 ], [ -59.025418485798816, -27.437035857665382 ], [ -59.025133091305463, -27.436780058247159 ], [ -59.025026257778748, -27.436684499199927 ], [ -59.02508842338657, -27.436628748273915 ], [ -59.024803031656951, -27.436372953633022 ] ] ] ] } },
{ "type": "Feature", "properties": { "Barrio": "JORGE NEWBERY", "Municipio": "Resistencia", "ID": 243, "Área": 210735.52, "Perímetro": 1856.96 }, "geometry": { "type": "MultiPolygon", "coordinates": [ [ [ [ -59.022209294509494, -27.438685024000097 ], [ -59.01905484884616, -27.441479790235967 ], [ -59.021378729294227, -27.443564836530616 ], [ -59.021275363121163, -27.443655034574334 ], [ -59.022339157415914, -27.444608860295528 ], [ -59.025591792000021, -27.441720133446413 ], [ -59.022209294509494, -27.438685024000097 ] ] ] ] } },
{ "type": "Feature", "properties": { "Barrio": "ZONA TERMINAL", "Municipio": "Resistencia", "ID": 244, "Área": 171661.85, "Perímetro": 3997.6 }, "geometry": { "type": "MultiPolygon", "coordinates": [ [ [ [ -59.023341022932243, -27.450193789004327 ], [ -59.024197312307138, -27.450961195811153 ], [ -59.024505906198314, -27.450687145110635 ], [ -59.024649447850337, -27.45059865276389 ], [ -59.025118612116657, -27.450182003343262 ], [ -59.025431305133694, -27.449903462827049 ], [ -59.025543665037603, -27.450006608575631 ], [ -59.025697383500123, -27.450143260449714 ], [ -59.025889484952728, -27.44997265280697 ], [ -59.025953703958294, -27.450030202588128 ], [ -59.026018226839383, -27.449972914094268 ], [ -59.026082452938326, -27.450030470183478 ], [ -59.026146968730515, -27.449973175262585 ], [ -59.0262111817975, -27.450030725788416 ], [ -59.026146661933588, -27.450088023417226 ], [ -59.026210889224842, -27.450145574042974 ], [ -59.026146376340208, -27.450202875327687 ], [ -59.026210602660704, -27.450260428654211 ], [ -59.02614608369413, -27.450317723577548 ], [ -59.026294151547837, -27.450450415434492 ], [ -59.026405539526344, -27.450550247447275 ], [ -59.026207412005512, -27.450727002980766 ], [ -59.026150568068807, -27.450677302203587 ], [ -59.025792149837869, -27.450995600357157 ], [ -59.026607810683501, -27.451726584188872 ], [ -59.026213553418629, -27.452076715579292 ], [ -59.027276031900577, -27.453028847003619 ], [ -59.028130120490289, -27.452268988560007 ], [ -59.028615611512663, -27.451789348782306 ], [ -59.028507143167232, -27.451382278126644 ], [ -59.026194759419305, -27.449310024740186 ], [ -59.025270304550887, -27.448473582390701 ], [ -59.023341022932243, -27.450193789004327 ] ] ], [ [ [ -59.021270891220304, -27.456399742768454 ], [ -59.022369051761274, -27.457383886160887 ], [ -59.024649646981068, -27.455358848788514 ], [ -59.023587106934883, -27.45440662682201 ], [ -59.022517319115558, -27.455356602094589 ], [ -59.022481633162215, -27.455324627261056 ], [ -59.021270891220304, -27.456399742768454 ] ] ], [ [ [ -59.02227784293116, -27.451135917079046 ], [ -59.021246444002095, -27.45205183775213 ], [ -59.022102721258427, -27.45281925715221 ], [ -59.023134137800007, -27.451903337578557 ], [ -59.02227784293116, -27.451135917079046 ] ] ], [ [ [ -59.019480399874816, -27.453601271284324 ], [ -59.018812831538199, -27.454194041587289 ], [ -59.019675078462434, -27.45496674602478 ], [ -59.020342644055461, -27.454373974340434 ], [ -59.019480399874816, -27.453601271284324 ] ] ], [ [ [ -59.025740307714329, -27.451141009405418 ], [ -59.025453581608559, -27.45139565348018 ], [ -59.026070837831064, -27.451948811997539 ], [ -59.026357563985307, -27.451694172086235 ], [ -59.025740307714329, -27.451141009405418 ] ] ] ] } },
{ "type": "Feature", "properties": { "Barrio": "MARIANO MORENO", "Municipio": "Resistencia", "ID": 245, "Área": 333196.75, "Perímetro": 2633.7 }, "geometry": { "type": "MultiPolygon", "coordinates": [ [ [ [ -58.969446624945924, -27.474428781272383 ], [ -58.962444975829612, -27.480620316282192 ], [ -58.962444848969106, -27.480656421102378 ], [ -58.964835846429473, -27.482798374610859 ], [ -58.964876193820167, -27.482798474336903 ], [ -58.971868041214243, -27.47659824906431 ], [ -58.971868150644433, -27.476562268549166 ], [ -58.969487119057732, -27.474428880686347 ], [ -58.969446624945924, -27.474428781272383 ] ] ] ] } },
{ "type": "Feature", "properties": { "Barrio": "LA FABRIL", "Municipio": "Resistencia", "ID": 246, "Área": 35790.52, "Perímetro": 757.06 }, "geometry": { "type": "MultiPolygon", "coordinates": [ [ [ [ -58.961728193480901, -27.473309634728807 ], [ -58.960330802060092, -27.474549038404202 ], [ -58.96164143176199, -27.475724582692497 ], [ -58.963038824230871, -27.474485169679891 ], [ -58.961728193480901, -27.473309634728807 ] ] ] ] } },
{ "type": "Feature", "properties": { "Barrio": "ROGER BALET", "Municipio": "Resistencia", "ID": 247, "Área": 266309.94, "Perímetro": 2220.09 }, "geometry": { "type": "MultiPolygon", "coordinates": [ [ [ [ -58.963068749558872, -27.474512025477356 ], [ -58.961671524573184, -27.475751485152443 ], [ -58.961487453510735, -27.475914473677985 ], [ -58.96014392989138, -27.474709317963004 ], [ -58.957991874937342, -27.476624138258884 ], [ -58.957991760778455, -27.47666024947722 ], [ -58.962170252421913, -27.480404248773389 ], [ -58.965009612953743, -27.477887195689792 ], [ -58.965907537032763, -27.477079268586312 ], [ -58.963068749558872, -27.474512025477356 ] ] ] ] } },
{ "type": "Feature", "properties": { "Barrio": "TENIENTE SAAVEDRA", "Municipio": "Resistencia", "ID": 248, "Área": 248971.35, "Perímetro": 2009.82 }, "geometry": { "type": "MultiPolygon", "coordinates": [ [ [ [ -58.965006610992475, -27.470402703078992 ], [ -58.96184862037434, -27.47320662062852 ], [ -58.965875995374695, -27.47682036519053 ], [ -58.969021958996287, -27.474043570208973 ], [ -58.96902207053779, -27.474007458876269 ], [ -58.965006610992475, -27.470402703078992 ] ] ] ] } },
{ "type": "Feature", "properties": { "Barrio": "SAN JUAN", "Municipio": "Resistencia", "ID": 249, "Área": 556087.59, "Perímetro": 3095.52 }, "geometry": { "type": "MultiPolygon", "coordinates": [ [ [ [ -58.972183436472889, -27.464036100231379 ], [ -58.965149630266922, -27.470277892430385 ], [ -58.96918950268973, -27.473899990376218 ], [ -58.976233712131283, -27.467668249553061 ], [ -58.972183436472889, -27.464036100231379 ] ] ] ] } },
{ "type": "Feature", "properties": { "Barrio": "GENERAL OBLIGADO", "Municipio": "Resistencia", "ID": 250, "Área": 70240.35, "Perímetro": 1174.47 }, "geometry": { "type": "MultiPolygon", "coordinates": [ [ [ [ -58.972034940423391, -27.476447300607585 ], [ -58.973321651651801, -27.475302732691443 ], [ -58.97287719947127, -27.474904170419933 ], [ -58.972251747004265, -27.474343293632341 ], [ -58.972152120892318, -27.474255281651303 ], [ -58.972545308722573, -27.473906857997388 ], [ -58.972583143779246, -27.473694410098645 ], [ -58.972083578067924, -27.473623640831864 ], [ -58.972105844281138, -27.473340637713203 ], [ -58.971741813272423, -27.473284837146288 ], [ -58.971248138723141, -27.472842119609748 ], [ -58.969619128261165, -27.474291591108699 ], [ -58.972034940423391, -27.476447300607585 ] ] ] ] } },
{ "type": "Feature", "properties": { "Barrio": "TIRO FEDERAL", "Municipio": "Resistencia", "ID": 251, "Área": 256658.09, "Perímetro": 2340.46 }, "geometry": { "type": "MultiPolygon", "coordinates": [ [ [ [ -58.979059655355165, -27.470212076225991 ], [ -58.976658980316884, -27.468050462914238 ], [ -58.971306383886535, -27.472785607860931 ], [ -58.971800728924343, -27.473230641072412 ], [ -58.972281333166649, -27.473307466914001 ], [ -58.972233131847332, -27.47355994059928 ], [ -58.972735586771265, -27.473632017399638 ], [ -58.972866782340567, -27.473749285169891 ], [ -58.972965018724985, -27.473837167285474 ], [ -58.972322870114631, -27.47440706819263 ], [ -58.973321651676876, -27.47530272998458 ], [ -58.979059655355165, -27.470212076225991 ] ] ] ] } },
{ "type": "Feature", "properties": { "Barrio": "ITATI", "Municipio": "Resistencia", "ID": 252, "Área": 110702.36, "Perímetro": 1382.85 }, "geometry": { "type": "MultiPolygon", "coordinates": [ [ [ [ -58.980561926341039, -27.465677207846788 ], [ -58.977419988530265, -27.468475727130638 ], [ -58.979207285697271, -27.470087211524977 ], [ -58.982367560925717, -27.467287847194161 ], [ -58.980561926341039, -27.465677207846788 ] ] ] ] } },
{ "type": "Feature", "properties": { "Barrio": "DEL CARMEN", "Municipio": "Resistencia", "ID": 254, "Área": 236586.74, "Perímetro": 2126.97 }, "geometry": { "type": "MultiPolygon", "coordinates": [ [ [ [ -58.971486951245964, -27.456948446663361 ], [ -58.970122402443529, -27.458159446809539 ], [ -58.970949890371827, -27.458896263115133 ], [ -58.970805533149687, -27.459024336084166 ], [ -58.971055192319675, -27.459248251201394 ], [ -58.969047035645701, -27.461029902976737 ], [ -58.972111243609902, -27.463717905191718 ], [ -58.97559433610914, -27.460630337155894 ], [ -58.971486951245964, -27.456948446663361 ] ] ] ] } },
{ "type": "Feature", "properties": { "Barrio": "DON RAFAEL", "Municipio": "Resistencia", "ID": 255, "Área": 529823.56, "Perímetro": 3297.87 }, "geometry": { "type": "MultiPolygon", "coordinates": [ [ [ [ -58.979137169662344, -27.457476524346671 ], [ -58.972199301146368, -27.451245523114171 ], [ -58.967341356281629, -27.455537251067462 ], [ -58.969963043516159, -27.457870813270425 ], [ -58.971461059608998, -27.45654189326924 ], [ -58.971673621856503, -27.456732006308659 ], [ -58.975802411606189, -27.46043550769873 ], [ -58.979137169662344, -27.457476524346671 ] ] ] ] } },
{ "type": "Feature", "properties": { "Barrio": "NUEVO DON BOSCO", "Municipio": "Resistencia", "ID": 256, "Área": 52166.92, "Perímetro": 1242.38 }, "geometry": { "type": "MultiPolygon", "coordinates": [ [ [ [ -58.965016513916588, -27.45760530946432 ], [ -58.961430356403291, -27.460786642810618 ], [ -58.96244747645828, -27.461699015459502 ], [ -58.962768804849041, -27.461413972482347 ], [ -58.962889734825232, -27.461306696254162 ], [ -58.96294238317553, -27.461259990875231 ], [ -58.963092456763512, -27.460956211205563 ], [ -58.963501013458284, -27.460128790279395 ], [ -58.96355383516282, -27.460048208872358 ], [ -58.965658458186248, -27.458181126781135 ], [ -58.965016513916588, -27.45760530946432 ] ] ] ] } },
{ "type": "Feature", "properties": { "Barrio": "ASENTAMIENTO MOLINA PUNTA", "Municipio": "Resistencia", "ID": 257, "Área": 27970.36, "Perímetro": 728.51 }, "geometry": { "type": "MultiPolygon", "coordinates": [ [ [ [ -58.961387736192542, -27.461018364193357 ], [ -58.959594564400888, -27.462609018464395 ], [ -58.959879877691314, -27.46286494629684 ], [ -58.960361824172423, -27.463137327003452 ], [ -58.960669877758093, -27.462864062276864 ], [ -58.96072265927922, -27.462911411010172 ], [ -58.960830249326932, -27.462815971633262 ], [ -58.960954362872769, -27.462927294257465 ], [ -58.962242216865519, -27.461784871796684 ], [ -58.961387736192542, -27.461018364193357 ] ] ] ] } },
{ "type": "Feature", "properties": { "Barrio": "ASENTAMIENTO HNOS. CHE", "Municipio": "Resistencia", "ID": 258, "Área": 27313.83, "Perímetro": 783.51 }, "geometry": { "type": "MultiPolygon", "coordinates": [ [ [ [ -58.962295748253474, -27.461832858081152 ], [ -58.960785120344539, -27.463170968784496 ], [ -58.961203170718555, -27.463540091107518 ], [ -58.961030793347632, -27.463769359919869 ], [ -58.961437364152829, -27.464134051998862 ], [ -58.961966389849856, -27.464224689002481 ], [ -58.962253298599826, -27.463970187325817 ], [ -58.962317896361959, -27.463900161533825 ], [ -58.962461347565466, -27.463772908560863 ], [ -58.961969172715158, -27.463331442622362 ], [ -58.962973348066008, -27.462440655703265 ], [ -58.962295748253474, -27.461832858081152 ] ] ] ] } },
{ "type": "Feature", "properties": { "Barrio": "ASENTAMIENTO GOLF CLUB", "Municipio": "Resistencia", "ID": 259, "Área": 6550.17, "Perímetro": 669.95 }, "geometry": { "type": "MultiPolygon", "coordinates": [ [ [ [ -58.960717659689436, -27.466303707857929 ], [ -58.960861116868315, -27.46617645942861 ], [ -58.958945010992643, -27.464457710826441 ], [ -58.958416055014368, -27.464366290478679 ], [ -58.958386235264463, -27.464544799052604 ], [ -58.958818833098505, -27.464623394066308 ], [ -58.960717659689436, -27.466303707857929 ] ] ] ] } },
{ "type": "Feature", "properties": { "Barrio": "DONOVAN", "Municipio": "Resistencia", "ID": 260, "Área": 223497.2, "Perímetro": 2044.76 }, "geometry": { "type": "MultiPolygon", "coordinates": [ [ [ [ -58.964934580720843, -27.470086054575997 ], [ -58.968234054418438, -27.467159161727167 ], [ -58.964218055146389, -27.463557139770575 ], [ -58.964004601581181, -27.463747504198182 ], [ -58.964587787899085, -27.464272652724635 ], [ -58.961510631693976, -27.467014983734927 ], [ -58.964934580720843, -27.470086054575997 ] ] ] ] } },
{ "type": "Feature", "properties": { "Barrio": "LOS LIRIOS", "Municipio": "Resistencia", "ID": 261, "Área": 314846.0, "Perímetro": 2260.04 }, "geometry": { "type": "MultiPolygon", "coordinates": [ [ [ [ -58.971971239955771, -27.463843168901558 ], [ -58.967449108899267, -27.459829826039279 ], [ -58.963877007922271, -27.462985148334152 ], [ -58.968382572402888, -27.467029538134604 ], [ -58.971971239955771, -27.463843168901558 ] ] ] ] } },
{ "type": "Feature", "properties": { "Barrio": "ASENTAMIENTO GOLF CLUB", "Municipio": "Resistencia", "ID": 262, "Área": 2158.13, "Perímetro": 255.98 }, "geometry": { "type": "MultiPolygon", "coordinates": [ [ [ [ -58.957333554228676, -27.464234263349354 ], [ -58.957303793652279, -27.46441243101388 ], [ -58.958386235264463, -27.464544799052604 ], [ -58.958416055014368, -27.464366290478679 ], [ -58.957333554228676, -27.464234263349354 ] ] ] ] } },
{ "type": "Feature", "properties": { "Barrio": "45 VINEWBERY", "Municipio": "Resistencia", "ID": 263, "Área": 7161.87, "Perímetro": 398.56 }, "geometry": { "type": "MultiPolygon", "coordinates": [ [ [ [ -58.960994119886116, -27.470779033733528 ], [ -58.960280444803956, -27.471412570448816 ], [ -58.960993359133873, -27.47205065018116 ], [ -58.961352020963517, -27.471732521189725 ], [ -58.960952428033202, -27.471373129740066 ], [ -58.961091002764675, -27.471249828738827 ], [ -58.96130619976212, -27.471058950892719 ], [ -58.960994119886116, -27.470779033733528 ] ] ] ] } },
{ "type": "Feature", "properties": { "Barrio": "JARDIN", "Municipio": "Resistencia", "ID": 264, "Área": 149380.05, "Perímetro": 1625.78 }, "geometry": { "type": "MultiPolygon", "coordinates": [ [ [ [ -58.957795091369952, -27.476415869026784 ], [ -58.960012606873818, -27.474449130339796 ], [ -58.957142118244661, -27.471874391533859 ], [ -58.957006383978154, -27.471937767486416 ], [ -58.956867145802988, -27.471992693604498 ], [ -58.956694089229813, -27.472041518035887 ], [ -58.95644083732315, -27.472070279292094 ], [ -58.953764701265101, -27.472817763788811 ], [ -58.957795091369952, -27.476415869026784 ] ] ] ] } },
{ "type": "Feature", "properties": { "Barrio": "GENERAL MITRE", "Municipio": "Resistencia", "ID": 265, "Área": 208828.71, "Perímetro": 2858.0 }, "geometry": { "type": "MultiPolygon", "coordinates": [ [ [ [ -58.960783725147408, -27.469438621460689 ], [ -58.961639711384656, -27.470206397702206 ], [ -58.960994119886116, -27.470779033733528 ], [ -58.96130619976212, -27.471058950892719 ], [ -58.961091002764675, -27.471249828738827 ], [ -58.961638700794069, -27.4717364352916 ], [ -58.961025196949272, -27.472278489740454 ], [ -58.960169351968247, -27.47151075046057 ], [ -58.960062402889385, -27.471350937487703 ], [ -58.96135358212387, -27.470205686626702 ], [ -58.960640424066966, -27.469565795032668 ], [ -58.957587290793484, -27.472273711160476 ], [ -58.960012606873818, -27.474449130339796 ], [ -58.964787111445055, -27.470214194990181 ], [ -58.962365997783039, -27.468034768885083 ], [ -58.960783725147408, -27.469438621460689 ] ] ] ] } },
{ "type": "Feature", "properties": { "Barrio": "GOLF CLUB", "Municipio": "Resistencia", "ID": 266, "Área": 556048.5, "Perímetro": 2997.11 }, "geometry": { "type": "MultiPolygon", "coordinates": [ [ [ [ -58.957141324729633, -27.464596764173631 ], [ -58.950804644168393, -27.470209086552199 ], [ -58.953693831851339, -27.472800899583508 ], [ -58.953764701265101, -27.472817763788811 ], [ -58.95644083732315, -27.472070279292094 ], [ -58.956694089229813, -27.472041518035887 ], [ -58.956867145802988, -27.471992693604498 ], [ -58.956984681861805, -27.471917441878777 ], [ -58.957142118244661, -27.471874391533859 ], [ -58.957444632533885, -27.472145748086323 ], [ -58.962186957031122, -27.467937454069631 ], [ -58.960723060998987, -27.466632929924369 ], [ -58.960471568987039, -27.466346152116561 ], [ -58.958742191955558, -27.464792096894652 ], [ -58.957168427125396, -27.46460691195497 ], [ -58.957141324729633, -27.464596764173631 ] ] ] ] } },
{ "type": "Feature", "properties": { "Barrio": "LA LIGURIA", "Municipio": "Resistencia", "ID": 267, "Área": 955357.76, "Perímetro": 3917.15 }, "geometry": { "type": "MultiPolygon", "coordinates": [ [ [ [ -58.957645619241752, -27.476543053398341 ], [ -58.956076433460204, -27.475135538166231 ], [ -58.955864682376877, -27.475069849057984 ], [ -58.950576788380793, -27.470343172214914 ], [ -58.943617920519962, -27.476500450969883 ], [ -58.943743735014422, -27.476610068185614 ], [ -58.950578600549925, -27.482810126675762 ], [ -58.957645619241752, -27.476543053398341 ] ] ] ] } },
{ "type": "Feature", "properties": { "Barrio": "CENTRO", "Municipio": "Resistencia", "ID": 268, "Área": 3728894.63, "Perímetro": 7724.14 }, "geometry": { "type": "MultiPolygon", "coordinates": [ [ [ [ -58.986543311090898, -27.438823552207104 ], [ -58.972690441683127, -27.45110761770156 ], [ -58.986470632330551, -27.463462056877152 ], [ -59.000315390766986, -27.451178725030353 ], [ -58.986543311090898, -27.438823552207104 ] ] ] ] } },
{ "type": "Feature", "properties": { "Barrio": "PLAN 162 VIVIENDAS", "Municipio": "Resistencia", "ID": 269, "Área": 54971.7, "Perímetro": 1646.84 }, "geometry": { "type": "MultiPolygon", "coordinates": [ [ [ [ -58.978544910341888, -27.399730175650518 ], [ -58.977368426658224, -27.400774695083786 ], [ -58.978507922584548, -27.401797109521379 ], [ -58.979684414111276, -27.400752581582889 ], [ -58.978544910341888, -27.399730175650518 ] ] ], [ [ [ -58.976364942712749, -27.401665586800874 ], [ -58.975392411557422, -27.40252898038068 ], [ -58.976531913248344, -27.40355141166085 ], [ -58.977504444034835, -27.402688010253772 ], [ -58.976364942712749, -27.401665586800874 ] ] ], [ [ [ -58.97939267692233, -27.398977481848103 ], [ -58.97907630993361, -27.399258373472581 ], [ -58.980215806984141, -27.400280774178317 ], [ -58.980532184290304, -27.399999880084156 ], [ -58.97939267692233, -27.398977481848103 ] ] ] ] } },
{ "type": "Feature", "properties": { "Barrio": "MAPIC", "Municipio": "Resistencia", "ID": 270, "Área": 69106.6, "Perímetro": 1541.29 }, "geometry": { "type": "MultiPolygon", "coordinates": [ [ [ [ -58.987532851503438, -27.399142521039945 ], [ -58.987057257590045, -27.398715856027092 ], [ -58.986541525521289, -27.399174746908255 ], [ -58.986129101372477, -27.398804327390799 ], [ -58.984417602112785, -27.400324053586068 ], [ -58.983954118260229, -27.39990823879954 ], [ -58.983774940700933, -27.400067334147735 ], [ -58.984204062033029, -27.400454052477599 ], [ -58.983314819175682, -27.401233142852096 ], [ -58.983136564596869, -27.401073213147555 ], [ -58.982743293831831, -27.40110420750252 ], [ -58.982384919693168, -27.401422399918864 ], [ -58.983667522329931, -27.402567918828744 ], [ -58.987532851503438, -27.399142521039945 ] ] ] ] } },
{ "type": "Feature", "properties": { "Barrio": "25 DE MAYO", "Municipio": "Resistencia", "ID": 271, "Área": 268935.1, "Perímetro": 2083.02 }, "geometry": { "type": "MultiPolygon", "coordinates": [ [ [ [ -59.00088495063973, -27.43857280508886 ], [ -58.997515496804105, -27.441564169989253 ], [ -59.001589165907028, -27.445202702563549 ], [ -59.001629503046502, -27.445202790390386 ], [ -59.004972631804129, -27.442237748348646 ], [ -59.00088495063973, -27.43857280508886 ] ] ] ] } },
{ "type": "Feature", "properties": { "Barrio": "MARIA", "Municipio": "Resistencia", "ID": 272, "Área": 282486.92, "Perímetro": 2139.84 }, "geometry": { "type": "MultiPolygon", "coordinates": [ [ [ [ -58.997372113154107, -27.441691467647466 ], [ -58.993859084186063, -27.444810034995765 ], [ -58.998004973870238, -27.448527013708354 ], [ -58.999582279723178, -27.447126806807823 ], [ -58.999526829420702, -27.447074300873545 ], [ -58.999673901661581, -27.446944856584061 ], [ -59.001436741161143, -27.44537556205281 ], [ -59.001436827968178, -27.445339413165986 ], [ -58.997372113154107, -27.441691467647466 ] ] ] ] } },
{ "type": "Feature", "properties": { "Barrio": "PLAN AIPO", "Municipio": "Resistencia", "ID": 273, "Área": 4225.25, "Perímetro": 285.2 }, "geometry": { "type": "MultiPolygon", "coordinates": [ [ [ [ -59.007163015639776, -27.444202971407925 ], [ -59.00644182610543, -27.444843290332081 ], [ -59.006741471431056, -27.445111917947095 ], [ -59.007462668165239, -27.444471597546901 ], [ -59.007163015639776, -27.444202971407925 ] ] ] ] } },
{ "type": "Feature", "properties": { "Barrio": "ADELANTE", "Municipio": "Resistencia", "ID": 274, "Área": 153167.96, "Perímetro": 1807.1 }, "geometry": { "type": "MultiPolygon", "coordinates": [ [ [ [ -59.006446128559595, -27.444839470632889 ], [ -59.007163022719283, -27.44420297145837 ], [ -59.005400512358797, -27.442622861833499 ], [ -59.005360183197638, -27.44262277517398 ], [ -59.002036106593877, -27.445580450644858 ], [ -59.002036007265559, -27.445616438824572 ], [ -59.004400011008642, -27.447742939737321 ], [ -59.00776943899605, -27.444746617363279 ], [ -59.007462668165239, -27.444471597546901 ], [ -59.006741471431056, -27.445111917947095 ], [ -59.006446128559595, -27.444839470632889 ] ] ] ] } },
{ "type": "Feature", "properties": { "Barrio": "ALVEAR", "Municipio": "Resistencia", "ID": 275, "Área": 164486.3, "Perímetro": 1661.02 }, "geometry": { "type": "MultiPolygon", "coordinates": [ [ [ [ -59.00189180022933, -27.445742810244393 ], [ -59.001851459864682, -27.445742721564233 ], [ -58.998374167576365, -27.448822266289557 ], [ -58.998374067061988, -27.448858249906788 ], [ -59.00076545694666, -27.451002272411547 ], [ -59.001052247091678, -27.450747686104357 ], [ -59.001030826999951, -27.450728481858189 ], [ -59.001174231646267, -27.450601193523426 ], [ -59.00119563864822, -27.450620391337495 ], [ -59.001267335322552, -27.450556742999492 ], [ -59.00124592922549, -27.450537556933448 ], [ -59.001461016721088, -27.450346612601745 ], [ -59.001565792666412, -27.45025261387427 ], [ -59.001579828227484, -27.450264712260601 ], [ -59.002296778529001, -27.449628240246621 ], [ -59.002490312812277, -27.449476897006264 ], [ -59.002848695504703, -27.449158695794612 ], [ -59.002826255844468, -27.449138365594397 ], [ -59.003272338088365, -27.448742245795721 ], [ -59.004232208438651, -27.447891055163002 ], [ -59.004232307048497, -27.447855070583557 ], [ -59.00189180022933, -27.445742810244393 ] ] ] ] } },
{ "type": "Feature", "properties": { "Barrio": "BITTEL, DEOLINDO", "Municipio": "Resistencia", "ID": 276, "Área": 470627.05, "Perímetro": 4906.83 }, "geometry": { "type": "MultiPolygon", "coordinates": [ [ [ [ -59.029546821472117, -27.463695317637374 ], [ -59.032113239656184, -27.461416207211595 ], [ -59.032339448258654, -27.461198881737825 ], [ -59.032375127879831, -27.461230850455117 ], [ -59.033665463450966, -27.460084910735901 ], [ -59.03362977672446, -27.460052942294816 ], [ -59.03581088126289, -27.458119763054071 ], [ -59.035418341983423, -27.457768038166609 ], [ -59.03186393918736, -27.460921919719461 ], [ -59.030866266806001, -27.460028185975652 ], [ -59.030950955277255, -27.459965524917934 ], [ -59.030479458580771, -27.459542769536746 ], [ -59.030680183211089, -27.459364514023989 ], [ -59.029149233895232, -27.457992785799899 ], [ -59.028948511509064, -27.45817103283914 ], [ -59.026169536872942, -27.455681005479203 ], [ -59.023373734389587, -27.458163714901147 ], [ -59.029546821472117, -27.463695317637374 ] ] ], [ [ [ -59.032281861574788, -27.454951364630862 ], [ -59.029646204455688, -27.452593448982633 ], [ -59.027495711637989, -27.454503286318602 ], [ -59.02842342013242, -27.455334611731036 ], [ -59.02849478848988, -27.4553985610913 ], [ -59.028550431594091, -27.455465405618661 ], [ -59.029264068963315, -27.456104884934319 ], [ -59.02984862075666, -27.45558559958107 ], [ -59.029991197535914, -27.455712476954236 ], [ -59.030704844979482, -27.456351951828562 ], [ -59.032281861574788, -27.454951364630862 ] ] ] ] } },
{ "type": "Feature", "properties": { "Barrio": "DON ALBERTO", "Municipio": "Resistencia", "ID": 277, "Área": 548306.3, "Perímetro": 3940.84 }, "geometry": { "type": "MultiPolygon", "coordinates": [ [ [ [ -59.013374318876728, -27.475045433837998 ], [ -59.020293389023863, -27.468902898421629 ], [ -59.019329951213358, -27.468039533526191 ], [ -59.018505421468006, -27.468771582431085 ], [ -59.01843711529088, -27.46883821407026 ], [ -59.01836235855837, -27.468771285913178 ], [ -59.017501964894109, -27.469535154670144 ], [ -59.016605709841464, -27.470330836239668 ], [ -59.015820699006781, -27.469627340792051 ], [ -59.015660440560339, -27.469482718162983 ], [ -59.01833718748189, -27.467145959109576 ], [ -59.0167281991884, -27.465694381420555 ], [ -59.016599203362993, -27.46554403134936 ], [ -59.015814225544091, -27.464840529964771 ], [ -59.014057606167725, -27.466400050607263 ], [ -59.014176281304721, -27.466505323748628 ], [ -59.008985302942413, -27.471112233012917 ], [ -59.013374318876728, -27.475045433837998 ] ] ] ] } },
{ "type": "Feature", "properties": { "Barrio": "FACUNDO", "Municipio": "Resistencia", "ID": 278, "Área": 403355.88, "Perímetro": 2683.6 }, "geometry": { "type": "MultiPolygon", "coordinates": [ [ [ [ -59.008732098736722, -27.471270557010172 ], [ -59.005446559871771, -27.47419182289913 ], [ -59.009001681383296, -27.477396373557859 ], [ -59.009071625048648, -27.477458908599214 ], [ -59.008893776261345, -27.477619456242557 ], [ -59.01139160645269, -27.479857968096425 ], [ -59.012287976276276, -27.479062317862994 ], [ -59.012431392987494, -27.478935018980145 ], [ -59.01400897076217, -27.477534660444665 ], [ -59.014116703351469, -27.477375373704685 ], [ -59.01483376143328, -27.476738835978008 ], [ -59.008732098736722, -27.471270557010172 ] ] ] ] } },
{ "type": "Feature", "properties": { "Barrio": "PALERMO II", "Municipio": "Resistencia", "ID": 279, "Área": 276505.02, "Perímetro": 3964.98 }, "geometry": { "type": "MultiPolygon", "coordinates": [ [ [ [ -59.005290133728479, -27.47433314540169 ], [ -59.004573034471115, -27.474969626798888 ], [ -59.008283893383762, -27.478288087520852 ], [ -59.007208479756862, -27.479245151708714 ], [ -59.005138666387928, -27.477388015290089 ], [ -59.005999205523068, -27.476624235779756 ], [ -59.005285585227242, -27.475984636479609 ], [ -59.004425039296613, -27.476748417914127 ], [ -59.003497342241111, -27.475916927927265 ], [ -59.002780223382409, -27.47655340572285 ], [ -59.003565195575987, -27.477256970408881 ], [ -59.003707920122622, -27.477384894096609 ], [ -59.002668069938565, -27.478307776649142 ], [ -59.003863913693095, -27.479379538156493 ], [ -59.004388448795325, -27.479854157130383 ], [ -59.004559370353867, -27.479938934183348 ], [ -59.004862279534343, -27.480211105210085 ], [ -59.004969196295121, -27.480307162979287 ], [ -59.005343388187846, -27.480643366678912 ], [ -59.005485939575998, -27.480771448892078 ], [ -59.006269976280343, -27.481475876448766 ], [ -59.007992510145037, -27.479949573277207 ], [ -59.008279395808984, -27.479947000006277 ], [ -59.009742403907445, -27.481258140350299 ], [ -59.010459529362286, -27.480621639589103 ], [ -59.010675934296806, -27.480493201102256 ], [ -59.011391606509093, -27.479857961780333 ], [ -59.008893776261345, -27.477619456242557 ], [ -59.008858262865701, -27.477523672492357 ], [ -59.005290133728479, -27.47433314540169 ] ] ] ] } },
{ "type": "Feature", "properties": { "Barrio": "PEGORARO", "Municipio": "Resistencia", "ID": 280, "Área": 296064.57, "Perímetro": 2455.35 }, "geometry": { "type": "MultiPolygon", "coordinates": [ [ [ [ -59.012122298055978, -27.436692756372704 ], [ -59.005692021074232, -27.442396511095552 ], [ -59.005691929928048, -27.442432625706171 ], [ -59.006186608115605, -27.442876120816159 ], [ -59.006350814973374, -27.443019700128353 ], [ -59.008024112710316, -27.444519458079135 ], [ -59.014470330837618, -27.43879765748251 ], [ -59.012122298055978, -27.436692756372704 ] ] ] ] } },
{ "type": "Feature", "properties": { "Barrio": "SEITOR", "Municipio": "Resistencia", "ID": 281, "Área": 464150.11, "Perímetro": 2745.64 }, "geometry": { "type": "MultiPolygon", "coordinates": [ [ [ [ -59.005327201012392, -27.442069965342021 ], [ -59.011760227672674, -27.436366444315315 ], [ -59.01014758441157, -27.434920704471466 ], [ -59.009943239985084, -27.434847516736291 ], [ -59.009410491523852, -27.434763400640115 ], [ -59.009150556709727, -27.434720786643258 ], [ -59.008722207569946, -27.43466997559193 ], [ -59.008445196584617, -27.434647080907052 ], [ -59.007332268938882, -27.434674212082044 ], [ -59.00708797614363, -27.434725777105587 ], [ -59.006994988018619, -27.434731958081738 ], [ -59.006533338464145, -27.434838724651684 ], [ -59.005967766089533, -27.434996825655446 ], [ -59.005757824718998, -27.435066613835332 ], [ -59.004462619993177, -27.435567427312176 ], [ -59.004224419298765, -27.435613593122664 ], [ -59.001140390913449, -27.438346797960278 ], [ -59.005286718337565, -27.442069876666881 ], [ -59.005327201012392, -27.442069965342021 ] ] ] ] } },
{ "type": "Feature", "properties": { "Barrio": "JUAN DE GARAY", "Municipio": "Resistencia", "ID": 282, "Área": 376689.97, "Perímetro": 2916.75 }, "geometry": { "type": "MultiPolygon", "coordinates": [ [ [ [ -59.020715469545614, -27.428946236771473 ], [ -59.019771554696909, -27.429784607435046 ], [ -59.019737829798522, -27.429946742066857 ], [ -59.012859397014481, -27.436056350686059 ], [ -59.012859301341727, -27.43609233540608 ], [ -59.013532485885442, -27.436695817692019 ], [ -59.015251498675831, -27.438237784575161 ], [ -59.023236313644318, -27.431143753435801 ], [ -59.023022285847361, -27.430951901733593 ], [ -59.022986448090265, -27.430983730557326 ], [ -59.022281444075666, -27.430349972400172 ], [ -59.020715469545614, -27.428946236771473 ] ] ] ] } },
{ "type": "Feature", "properties": { "Barrio": "ASENTAMIENTO SAN JAVIER", "Municipio": "Resistencia", "ID": 283, "Área": 117023.38, "Perímetro": 1729.38 }, "geometry": { "type": "MultiPolygon", "coordinates": [ [ [ [ -59.0162686916605, -27.424911755307765 ], [ -59.013975186162902, -27.426948716819552 ], [ -59.014403210467137, -27.427332447696006 ], [ -59.014618222574249, -27.427141481486174 ], [ -59.015153256901428, -27.427621145432166 ], [ -59.015368279463225, -27.427430177229976 ], [ -59.015689295629116, -27.427717975744166 ], [ -59.01576097000433, -27.427654319136721 ], [ -59.015974978705366, -27.427846181583277 ], [ -59.016046656016442, -27.427782527556264 ], [ -59.01611799682064, -27.427846479223916 ], [ -59.016189666973816, -27.427782825071233 ], [ -59.016699383749028, -27.428239774246908 ], [ -59.016842727893767, -27.428112465335371 ], [ -59.017056746504053, -27.428304320816945 ], [ -59.017128416447072, -27.428240665276896 ], [ -59.017663461067364, -27.428720314480071 ], [ -59.017950154258493, -27.428465690940676 ], [ -59.018271173257638, -27.428753471038391 ], [ -59.018486195848837, -27.428562504310275 ], [ -59.018700219189753, -27.428754362774253 ], [ -59.019400658607481, -27.428469716650977 ], [ -59.020218560857955, -27.42849444072872 ], [ -59.020353590007133, -27.428374654080741 ], [ -59.019740993027789, -27.427830704764006 ], [ -59.019631944368065, -27.427926826721617 ], [ -59.0162686916605, -27.424911755307765 ] ] ] ] } },
{ "type": "Feature", "properties": { "Barrio": "EL FACHINAL", "Municipio": "Resistencia", "ID": 284, "Área": 14038.56, "Perímetro": 473.91 }, "geometry": { "type": "MultiPolygon", "coordinates": [ [ [ [ -59.019008539017015, -27.429852107019613 ], [ -59.01843424267463, -27.429337287401399 ], [ -59.018379960735466, -27.42935682846025 ], [ -59.017491216902805, -27.430146165430148 ], [ -59.018065533925565, -27.430654602072313 ], [ -59.018272946221146, -27.430838148949725 ], [ -59.019194643301724, -27.430019535197644 ], [ -59.019008539017015, -27.429852107019613 ] ] ] ] } },
{ "type": "Feature", "properties": { "Barrio": "SAN JAVIER", "Municipio": "Resistencia", "ID": 285, "Área": 436902.69, "Perímetro": 3279.68 }, "geometry": { "type": "MultiPolygon", "coordinates": [ [ [ [ -59.012475740122845, -27.435751410747155 ], [ -59.014597143135802, -27.433866398656932 ], [ -59.014710649537079, -27.433970409199855 ], [ -59.016080085967367, -27.432817903498496 ], [ -59.016940195855447, -27.432054032327379 ], [ -59.018272946221146, -27.430838148949725 ], [ -59.017491216902805, -27.430146165430148 ], [ -59.018434242730493, -27.429337281085235 ], [ -59.019008539017015, -27.429852107019613 ], [ -59.020371942962882, -27.428631935030275 ], [ -59.020218560857955, -27.42849444072872 ], [ -59.019400658607481, -27.428469716650977 ], [ -59.018700219189753, -27.428754362774253 ], [ -59.018486195792974, -27.428562510626438 ], [ -59.018271173257638, -27.428753471038391 ], [ -59.017950154258493, -27.428465690940676 ], [ -59.017663461067364, -27.428720314480071 ], [ -59.017128416447072, -27.428240665276896 ], [ -59.017056746504053, -27.428304320816945 ], [ -59.016842727893767, -27.428112465335371 ], [ -59.016699383749028, -27.428239774246908 ], [ -59.016189666973816, -27.427782825071233 ], [ -59.01611799682064, -27.427846479223916 ], [ -59.016046656016442, -27.427782527556264 ], [ -59.015974978705366, -27.427846181583277 ], [ -59.01576097000433, -27.427654319136721 ], [ -59.015689295629116, -27.427717975744166 ], [ -59.015368279463225, -27.427430177229976 ], [ -59.015153256901428, -27.427621145432166 ], [ -59.014618222574249, -27.427141481486174 ], [ -59.014403210467137, -27.427332447696006 ], [ -59.013975186162902, -27.426948716819552 ], [ -59.010927308287805, -27.429667607012593 ], [ -59.011913749734319, -27.43477594061001 ], [ -59.011985505512008, -27.435034607743471 ], [ -59.012475740122845, -27.435751410747155 ] ] ] ] } },
{ "type": "Feature", "properties": { "Barrio": "PERRANDO", "Municipio": "Resistencia", "ID": 286, "Área": 221163.14, "Perímetro": 1937.9 }, "geometry": { "type": "MultiPolygon", "coordinates": [ [ [ [ -58.993718826684393, -27.432139581273884 ], [ -58.989399862268712, -27.435976929201985 ], [ -58.989399757770485, -27.436013047242827 ], [ -58.99025099224005, -27.436776430352271 ], [ -58.990416666562801, -27.436919174160852 ], [ -58.991109762604196, -27.437540735553341 ], [ -58.991295879932018, -27.43770615379248 ], [ -58.991968807667845, -27.438309608960566 ], [ -58.992009281807398, -27.438309695101054 ], [ -58.996325719297396, -27.434482839450741 ], [ -58.993718826684393, -27.432139581273884 ] ] ] ] } },
{ "type": "Feature", "properties": { "Barrio": "ODORICO", "Municipio": "Resistencia", "ID": 287, "Área": 128720.17, "Perímetro": 1455.08 }, "geometry": { "type": "MultiPolygon", "coordinates": [ [ [ [ -58.989271560342516, -27.436148722299325 ], [ -58.986728134744006, -27.438408730523175 ], [ -58.988414089407961, -27.439918424234445 ], [ -58.988298217380603, -27.439950368439831 ], [ -58.989082147930873, -27.440646987161081 ], [ -58.989153845667651, -27.440583350402633 ], [ -58.98929650629583, -27.440711285093943 ], [ -58.991814403543373, -27.438476379792593 ], [ -58.991814507202896, -27.43844027076436 ], [ -58.989271560342516, -27.436148722299325 ] ] ] ] } },
{ "type": "Feature", "properties": { "Barrio": "PICCILLI", "Municipio": "Resistencia", "ID": 288, "Área": 134365.61, "Perímetro": 1660.91 }, "geometry": { "type": "MultiPolygon", "coordinates": [ [ [ [ -58.993639667974172, -27.444620143921515 ], [ -58.998014778524116, -27.440736252196043 ], [ -58.996450844032701, -27.439324861547057 ], [ -58.992072080813678, -27.4432064397472 ], [ -58.993639667974172, -27.444620143921515 ] ] ] ] } },
{ "type": "Feature", "properties": { "Barrio": "CORTES", "Municipio": "Resistencia", "ID": 289, "Área": 120701.16, "Perímetro": 1390.0 }, "geometry": { "type": "MultiPolygon", "coordinates": [ [ [ [ -58.992049292968289, -27.438649232548777 ], [ -58.989504130678135, -27.440908511993761 ], [ -58.991931905042378, -27.443083385907673 ], [ -58.994474591950755, -27.440824053952621 ], [ -58.992049292968289, -27.438649232548777 ] ] ] ] } },
{ "type": "Feature", "properties": { "Barrio": "ALTA", "Municipio": "Resistencia", "ID": 290, "Área": 289230.88, "Perímetro": 2365.06 }, "geometry": { "type": "MultiPolygon", "coordinates": [ [ [ [ -58.996529969954764, -27.434671498128967 ], [ -58.992258643990667, -27.438463388594588 ], [ -58.99223324121499, -27.438486269212436 ], [ -58.992214409975631, -27.438502660684446 ], [ -58.994605555166913, -27.4406749579761 ], [ -58.994646027106334, -27.440675049668123 ], [ -58.996306283478631, -27.439204295347214 ], [ -58.996453151563927, -27.439073270875525 ], [ -58.998165357873482, -27.440604963878791 ], [ -59.000673508095602, -27.438379057733016 ], [ -58.996529969954764, -27.434671498128967 ] ] ] ] } },
{ "type": "Feature", "properties": { "Barrio": "46 VIVIENDAS", "Municipio": "Resistencia", "ID": 291, "Área": 7482.36, "Perímetro": 467.17 }, "geometry": { "type": "MultiPolygon", "coordinates": [ [ [ [ -59.006478123485913, -27.430885064447526 ], [ -59.005833005623572, -27.431457917708322 ], [ -59.00668753213256, -27.432224075549648 ], [ -59.006739468706385, -27.432104038746822 ], [ -59.006731701093123, -27.432020632013195 ], [ -59.006452060871275, -27.43176991473986 ], [ -59.006422633343718, -27.43170694101617 ], [ -59.006624336642545, -27.431527826576897 ], [ -59.006770976902239, -27.431523694822459 ], [ -59.006853012255, -27.431597244593668 ], [ -59.006973940502469, -27.431585381126258 ], [ -59.00706451293977, -27.431576494756801 ], [ -59.007180994391085, -27.431515241907093 ], [ -59.006478123485913, -27.430885064447526 ] ] ] ] } },
{ "type": "Feature", "properties": { "Barrio": "CHELLIYI", "Municipio": "Resistencia", "ID": 292, "Área": 30127.94, "Perímetro": 774.92 }, "geometry": { "type": "MultiPolygon", "coordinates": [ [ [ [ -59.004732974018701, -27.433253885480227 ], [ -59.004732971009197, -27.433253882751643 ], [ -59.004875643953682, -27.433381810897632 ], [ -59.005653901599885, -27.432690761685759 ], [ -59.006114223837777, -27.433103488317347 ], [ -59.00612877821176, -27.433090569195034 ], [ -59.006136315373872, -27.433019239643034 ], [ -59.006187643981391, -27.432900686740613 ], [ -59.006330185671089, -27.432759857821946 ], [ -59.006402155549168, -27.432696462814473 ], [ -59.006427811441064, -27.432673677850911 ], [ -59.006352456205391, -27.43253690620514 ], [ -59.00643854844288, -27.432460468026303 ], [ -59.006607843287824, -27.432343619445646 ], [ -59.006185042943493, -27.431964536829422 ], [ -59.00550318499463, -27.431363578549252 ], [ -59.004190218503801, -27.43228238218402 ], [ -59.00407751415915, -27.432366819536028 ], [ -59.004032099871218, -27.432405144137327 ], [ -59.003904893223428, -27.432511411457295 ], [ -59.004732974018701, -27.433253885480227 ] ] ] ] } },
{ "type": "Feature", "properties": { "Barrio": "ASENTAMIENTO CAMALOTE", "Municipio": "Resistencia", "ID": 293, "Área": 16235.45, "Perímetro": 778.97 }, "geometry": { "type": "MultiPolygon", "coordinates": [ [ [ [ -59.005214996415809, -27.430999739768641 ], [ -59.004877944203038, -27.430697529505977 ], [ -59.004636335068895, -27.430735004717274 ], [ -59.004554586866902, -27.430799907230391 ], [ -59.004497847242256, -27.430844948625818 ], [ -59.004485008335791, -27.43085514206491 ], [ -59.004456959964536, -27.430904166572809 ], [ -59.004420694061892, -27.430967581025286 ], [ -59.004388323258581, -27.431024164423771 ], [ -59.004376726692911, -27.431034866636303 ], [ -59.004312892649615, -27.431093762698573 ], [ -59.004243651732523, -27.431157658899849 ], [ -59.004170186245901, -27.43123995295381 ], [ -59.004099918783595, -27.431304964284745 ], [ -59.004019967903851, -27.431341253621103 ], [ -59.003941370603222, -27.43137692363657 ], [ -59.003931000893509, -27.431381630249433 ], [ -59.00381784878693, -27.431386144565504 ], [ -59.003713590248971, -27.431390304570311 ], [ -59.003700053115281, -27.431390843967002 ], [ -59.00358712275159, -27.431332034501494 ], [ -59.003476554518308, -27.431322929591282 ], [ -59.003287882714339, -27.431382215669622 ], [ -59.003238814406721, -27.431438701027947 ], [ -59.003204568372325, -27.431540036982177 ], [ -59.002966317049932, -27.431596580352263 ], [ -59.002731414498818, -27.431593761824082 ], [ -59.002765850588013, -27.43173824111544 ], [ -59.003147481505565, -27.432080430523285 ], [ -59.003234039127697, -27.432158515716413 ], [ -59.00276374480525, -27.432575558910255 ], [ -59.002959346319749, -27.432750941282098 ], [ -59.003016278455625, -27.432686905377917 ], [ -59.003061362035105, -27.432638502962124 ], [ -59.003106307775084, -27.432590242118103 ], [ -59.003151507847079, -27.43254214730781 ], [ -59.003199330910057, -27.432496452579539 ], [ -59.003247627995897, -27.432451460555701 ], [ -59.003295045987791, -27.43240615542355 ], [ -59.003342462905309, -27.432360852973634 ], [ -59.003389674804659, -27.432315740341565 ], [ -59.003437538128281, -27.432271171061526 ], [ -59.003488216744771, -27.432229435463618 ], [ -59.00353889740245, -27.432187693544357 ], [ -59.003589503544632, -27.432146024164368 ], [ -59.003640112763641, -27.432104345763349 ], [ -59.003690646512865, -27.432062733578384 ], [ -59.003715521644203, -27.432042248175645 ], [ -59.003771975841865, -27.432005109789962 ], [ -59.003870317525923, -27.431940371492473 ], [ -59.003934226150584, -27.431895667661145 ], [ -59.003998131666087, -27.43185096648407 ], [ -59.004125952737162, -27.431761555086258 ], [ -59.004189861157307, -27.431716851131043 ], [ -59.004253766468331, -27.431672149830128 ], [ -59.004317671752517, -27.431627445791353 ], [ -59.004381580051692, -27.431582738134022 ], [ -59.004445567638136, -27.431537979577751 ], [ -59.004573538636613, -27.431448459636236 ], [ -59.004637529135415, -27.431403697399261 ], [ -59.004701509438178, -27.431358938668275 ], [ -59.004765499826391, -27.431314177271549 ], [ -59.004829487105354, -27.431269418529016 ], [ -59.004893470312354, -27.431224657019648 ], [ -59.004957457521179, -27.431179894605812 ], [ -59.005021447680107, -27.431135135791838 ], [ -59.005085434778323, -27.431090374218222 ], [ -59.005149414722354, -27.431045615269973 ], [ -59.005214996415809, -27.430999739768641 ] ] ] ] } },
{ "type": "Feature", "properties": { "Barrio": "LUISA", "Municipio": "Resistencia", "ID": 294, "Área": 153812.55, "Perímetro": 1891.64 }, "geometry": { "type": "MultiPolygon", "coordinates": [ [ [ [ -59.000883423466618, -27.425836285164266 ], [ -58.999292914889132, -27.427259473289794 ], [ -59.002881481346762, -27.430480854083903 ], [ -59.00280977354047, -27.430544516255711 ], [ -59.003155828287937, -27.430854711333151 ], [ -59.003713590248971, -27.431390304570311 ], [ -59.00381784878693, -27.431386144565504 ], [ -59.003931000893509, -27.431381630249433 ], [ -59.003941370603222, -27.43137692363657 ], [ -59.004019967928151, -27.431341250914201 ], [ -59.004099918783595, -27.431304964284745 ], [ -59.004170186245901, -27.43123995295381 ], [ -59.004243651732523, -27.431157658899849 ], [ -59.004311565293172, -27.431096526180024 ], [ -59.004376726692911, -27.431034866636303 ], [ -59.004388323258581, -27.431024164423771 ], [ -59.004420694061892, -27.430967581025286 ], [ -59.004456959964536, -27.430904166572809 ], [ -59.004485008335791, -27.43085514206491 ], [ -59.004497847242256, -27.430844948625818 ], [ -59.004554586866902, -27.430799907230391 ], [ -59.004636335068895, -27.430735004717274 ], [ -59.004877944203038, -27.430697529505977 ], [ -59.005214996415809, -27.430999739768641 ], [ -59.005302300797503, -27.43093863847513 ], [ -59.006056315940775, -27.430410925388585 ], [ -59.004515808886133, -27.429029656709599 ], [ -59.004479970662445, -27.429061480687619 ], [ -59.000883423466618, -27.425836285164266 ] ] ] ] } },
{ "type": "Feature", "properties": { "Barrio": "AMERICA", "Municipio": "Resistencia", "ID": 295, "Área": 223529.02, "Perímetro": 2580.72 }, "geometry": { "type": "MultiPolygon", "coordinates": [ [ [ [ -59.000824280609748, -27.438251329383682 ], [ -59.005588993806349, -27.434021402468844 ], [ -59.004875644010333, -27.433381804581497 ], [ -59.004740669277844, -27.433226365103771 ], [ -59.004162297382372, -27.432742203167439 ], [ -59.003904893223428, -27.432511411457295 ], [ -59.003876140697983, -27.432535493972381 ], [ -59.003777762917636, -27.432621764200483 ], [ -59.003688431930215, -27.432701085859705 ], [ -59.003585954767104, -27.432800780879191 ], [ -59.003492654758858, -27.432893875678456 ], [ -59.00339862417313, -27.43298711046716 ], [ -59.0033097978611, -27.433084942049714 ], [ -59.003265464143539, -27.433134521172217 ], [ -59.003227369735797, -27.433190798932504 ], [ -59.003190192678552, -27.433245712552509 ], [ -59.003153023625359, -27.433300631632893 ], [ -59.003113481581742, -27.433360096077397 ], [ -59.003077941527771, -27.433411544567431 ], [ -59.003042069316706, -27.433464726818382 ], [ -59.002782551872762, -27.433873883042867 ], [ -59.002622679483579, -27.434174093107227 ], [ -59.00228313278803, -27.43476510085523 ], [ -59.001911888445399, -27.434421749034222 ], [ -59.002251822277799, -27.433831082436416 ], [ -59.002372669487038, -27.433632055164221 ], [ -59.002407701827885, -27.433577167029878 ], [ -59.002634923629351, -27.433221192169718 ], [ -59.002723211347551, -27.43308288347491 ], [ -59.002811844638217, -27.432944020431567 ], [ -59.002885996525862, -27.43283600297773 ], [ -59.002898175928898, -27.432821138856422 ], [ -59.002393421103854, -27.432368554862585 ], [ -59.000856525419117, -27.433732889997128 ], [ -59.00079056811601, -27.433673211271564 ], [ -59.000033187008, -27.434346764560942 ], [ -58.999626591319711, -27.433982179515208 ], [ -58.999232312307583, -27.434332234813038 ], [ -58.99949952604522, -27.434571840286807 ], [ -58.99810630523951, -27.435807677691649 ], [ -59.000824280609748, -27.438251329383682 ] ] ] ] } },
{ "type": "Feature", "properties": { "Barrio": "CHICA", "Municipio": "Resistencia", "ID": 296, "Área": 459277.93, "Perímetro": 3036.96 }, "geometry": { "type": "MultiPolygon", "coordinates": [ [ [ [ -58.99810630523951, -27.435807677691649 ], [ -58.99949952604522, -27.434571840286807 ], [ -58.999232312307583, -27.434332234813038 ], [ -58.999626591319711, -27.433982179515208 ], [ -59.000033187008, -27.434346764560942 ], [ -59.00079056811601, -27.433673211271564 ], [ -59.000856525419117, -27.433732889997128 ], [ -59.002393421103854, -27.432368554862585 ], [ -59.002898175928898, -27.432821138856422 ], [ -59.002929186533727, -27.432785968220227 ], [ -59.002960423359504, -27.432749029660258 ], [ -59.00276374480525, -27.432575558910255 ], [ -59.003234039127697, -27.432158515716413 ], [ -59.003147481505565, -27.432080430523285 ], [ -59.002765850588013, -27.43173824111544 ], [ -59.002731414498818, -27.431593761824082 ], [ -59.002966317049932, -27.431596580352263 ], [ -59.003204568372325, -27.431540036982177 ], [ -59.003238814406721, -27.431438701027947 ], [ -59.003287882714339, -27.431382215669622 ], [ -59.003476554518308, -27.431322929591282 ], [ -59.00358712275159, -27.431332034501494 ], [ -59.003700053115281, -27.431390843967002 ], [ -59.003713590273271, -27.431390301863402 ], [ -59.00315663372271, -27.430855337920111 ], [ -59.00280977354047, -27.430544516255711 ], [ -59.002881481379191, -27.43048085047468 ], [ -58.999292911855527, -27.427259473268016 ], [ -58.999217481443949, -27.427325518911466 ], [ -58.999175181742153, -27.427287207642582 ], [ -58.998909984996658, -27.427522722256239 ], [ -58.994683292865311, -27.431266968549899 ], [ -58.993858879815491, -27.431998871949276 ], [ -58.99810630523951, -27.435807677691649 ] ] ] ] } },
{ "type": "Feature", "properties": { "Barrio": "COTAP", "Municipio": "Resistencia", "ID": 297, "Área": 6966.39, "Perímetro": 339.59 }, "geometry": { "type": "MultiPolygon", "coordinates": [ [ [ [ -59.007850929973685, -27.429736459426987 ], [ -59.007286689956899, -27.430125988197229 ], [ -59.008027858247573, -27.430790512918684 ], [ -59.008529615129405, -27.43034495647975 ], [ -59.007850929973685, -27.429736459426987 ] ] ] ] } },
{ "type": "Feature", "properties": { "Barrio": "90 VIVIENDAS", "Municipio": "Resistencia", "ID": 298, "Área": 23882.27, "Perímetro": 691.54 }, "geometry": { "type": "MultiPolygon", "coordinates": [ [ [ [ -59.008731174049061, -27.427853786007333 ], [ -59.007549530169214, -27.426796492844137 ], [ -59.007442669030944, -27.426701027842437 ], [ -59.006732112853584, -27.42675915978505 ], [ -59.006513237204977, -27.426787012496295 ], [ -59.006063153084014, -27.426823875995829 ], [ -59.007963655300998, -27.428534653308791 ], [ -59.008731174049061, -27.427853786007333 ] ] ] ] } },
{ "type": "Feature", "properties": { "Barrio": "MATADERO", "Municipio": "Resistencia", "ID": 299, "Área": 2508.0, "Perímetro": 266.0 }, "geometry": { "type": "MultiPolygon", "coordinates": [ [ [ [ -59.002859628106563, -27.424260057651839 ], [ -59.002688446170296, -27.424106549099154 ], [ -59.00210068215452, -27.424628465343648 ], [ -59.002464459069664, -27.42495466506206 ], [ -59.002607814720044, -27.424827367444184 ], [ -59.002415226755701, -27.424654676332139 ], [ -59.002859628106563, -27.424260057651839 ] ] ] ] } },
{ "type": "Feature", "properties": { "Barrio": "ASENTAMIENTO GHIO", "Municipio": "Resistencia", "ID": 300, "Área": 70019.77, "Perímetro": 2265.57 }, "geometry": { "type": "MultiPolygon", "coordinates": [ [ [ [ -59.002779691432849, -27.424833870568744 ], [ -59.002530250886387, -27.425055368697148 ], [ -59.002077318928137, -27.424649210382135 ], [ -59.000984209711213, -27.425619847321769 ], [ -59.003098406919612, -27.427515643460602 ], [ -59.00486887506262, -27.425943514504564 ], [ -59.004774652342633, -27.425859031078833 ], [ -59.004476093621797, -27.425923577522511 ], [ -59.004248847439541, -27.425955321079773 ], [ -59.004093754014299, -27.425880488080765 ], [ -59.00396205307198, -27.425933673579276 ], [ -59.003651356013634, -27.425911998114408 ], [ -59.003507821336775, -27.425933170232227 ], [ -59.003328912077421, -27.425836974105021 ], [ -59.003126273147274, -27.425698093151997 ], [ -59.003029400117988, -27.425560512547545 ], [ -59.002815411668664, -27.425368629919237 ], [ -59.002769760941298, -27.425185713517017 ], [ -59.002782543553373, -27.42498307166094 ], [ -59.002779691432849, -27.424833870568744 ] ] ], [ [ [ -59.005194374866306, -27.429485772999051 ], [ -59.005760643130785, -27.428982934763667 ], [ -59.005047317623486, -27.428343343506182 ], [ -59.004746262217438, -27.428610672608954 ], [ -59.004724865700467, -27.428591484451196 ], [ -59.004438145709251, -27.428846086303661 ], [ -59.005008801239825, -27.429357760930788 ], [ -59.005172676187577, -27.429503760156372 ], [ -59.005244550943232, -27.429441216842772 ], [ -59.005194374866306, -27.429485772999051 ] ] ], [ [ [ -59.005149555131496, -27.426004702338521 ], [ -59.005849162929096, -27.426631998800683 ], [ -59.007246679309247, -27.426517613362456 ], [ -59.006875194400159, -27.426184525567983 ], [ -59.006703132031731, -27.426209904874003 ], [ -59.006605952789037, -27.42620010025481 ], [ -59.005882175698375, -27.426372549032841 ], [ -59.005942406193782, -27.426319055071147 ], [ -59.005657084617951, -27.426063223609084 ], [ -59.005578236509216, -27.426133235063819 ], [ -59.005292916269411, -27.425877401982262 ], [ -59.005149555131496, -27.426004702338521 ] ] ], [ [ [ -59.004415317984908, -27.427776663136111 ], [ -59.003899223199909, -27.428234934877214 ], [ -59.004388558754087, -27.428673701790355 ], [ -59.0049046536802, -27.428215428266096 ], [ -59.004415317984908, -27.427776663136111 ] ] ] ] } },
{ "type": "Feature", "properties": { "Barrio": "ASENTAMIENTO ELBA", "Municipio": "Resistencia", "ID": 301, "Área": 18668.23, "Perímetro": 864.38 }, "geometry": { "type": "MultiPolygon", "coordinates": [ [ [ [ -59.013379476132847, -27.422364886989484 ], [ -59.012925657924868, -27.422767944032408 ], [ -59.013729236129159, -27.423488403314732 ], [ -59.013842613640264, -27.423387700049311 ], [ -59.014878037413595, -27.424316003412638 ], [ -59.015074460900991, -27.424396177024999 ], [ -59.015746013824078, -27.424998239166534 ], [ -59.016032704427623, -27.424743618419246 ], [ -59.013379476132847, -27.422364886989484 ] ] ] ] } },
{ "type": "Feature", "properties": { "Barrio": "ELBA", "Municipio": "Resistencia", "ID": 302, "Área": 362236.57, "Perímetro": 3064.88 }, "geometry": { "type": "MultiPolygon", "coordinates": [ [ [ [ -59.010337054374602, -27.419740394676101 ], [ -59.010045786768629, -27.4199990762427 ], [ -59.009916727793112, -27.420031511188835 ], [ -59.009850721913892, -27.420058670148347 ], [ -59.009810424233116, -27.420088734114422 ], [ -59.009765356925058, -27.420103012486656 ], [ -59.009728385423827, -27.420101520849663 ], [ -59.009689789989309, -27.420104330074764 ], [ -59.009659187110955, -27.420120062002582 ], [ -59.009607610202764, -27.420157286367996 ], [ -59.009561597637379, -27.420157933132515 ], [ -59.009505648194597, -27.420189381029545 ], [ -59.009413157721177, -27.420127797009595 ], [ -59.009319273057407, -27.420075147274559 ], [ -59.009217029576007, -27.420076123437163 ], [ -59.009116171305344, -27.420068165118366 ], [ -59.009010450045416, -27.420091486063605 ], [ -59.008915170218465, -27.420047776711201 ], [ -59.008818501134392, -27.420013007985656 ], [ -59.008716257710049, -27.420013984684658 ], [ -59.00862028394647, -27.419974740520352 ], [ -59.008525010423377, -27.41993103365736 ], [ -59.008413699127203, -27.419880780595395 ], [ -59.008308153676545, -27.419885897027275 ], [ -59.008165858280201, -27.419895632824876 ], [ -59.008044937707169, -27.419889066828031 ], [ -59.007840486166451, -27.420001148509126 ], [ -59.007681151841595, -27.420081586527964 ], [ -59.007438635497209, -27.41986412789953 ], [ -59.007380007426512, -27.419862725090951 ], [ -59.007107648980444, -27.420104601212021 ], [ -59.007783131911907, -27.420710280448628 ], [ -59.008054936839322, -27.420936861376411 ], [ -59.008436333269188, -27.421281398034171 ], [ -59.008468147013396, -27.421311070313696 ], [ -59.008510548821306, -27.421362524299788 ], [ -59.008917564101736, -27.421839489000739 ], [ -59.009135133010297, -27.422271471308544 ], [ -59.009255891131808, -27.422514186174965 ], [ -59.009419698529484, -27.422898687870703 ], [ -59.009617990538956, -27.42336394795862 ], [ -59.009885467782404, -27.424065036155067 ], [ -59.010146763708846, -27.425601445739403 ], [ -59.01046582403886, -27.427363416619727 ], [ -59.010596856882557, -27.427837741168482 ], [ -59.010601257117443, -27.427982574054937 ], [ -59.010837934617335, -27.42933731532343 ], [ -59.015746013824078, -27.424998239166534 ], [ -59.014878037413595, -27.424316003412638 ], [ -59.013842613640264, -27.423387700049311 ], [ -59.013729229050959, -27.423488403264649 ], [ -59.012925657924868, -27.422767944032408 ], [ -59.013415313698729, -27.422333060596625 ], [ -59.012750491961917, -27.42173699625739 ], [ -59.012655164646361, -27.421821652499638 ], [ -59.011353228785175, -27.420651517660946 ], [ -59.010806835633431, -27.420161616433031 ], [ -59.010337054374602, -27.419740394676101 ] ] ] ] } },
{ "type": "Feature", "properties": { "Barrio": "GHIO", "Municipio": "Resistencia", "ID": 303, "Área": 195293.05, "Perímetro": 4018.83 }, "geometry": { "type": "MultiPolygon", "coordinates": [ [ [ [ -59.006778684556792, -27.420721996289217 ], [ -59.00673897650239, -27.421070076108471 ], [ -59.006710855334703, -27.421376719716104 ], [ -59.006695131034327, -27.421627929991406 ], [ -59.006725919884907, -27.421774361444296 ], [ -59.006718746852236, -27.422004616546868 ], [ -59.006722152697904, -27.422228824469439 ], [ -59.006735117350495, -27.42233327449674 ], [ -59.006781176150227, -27.422588063376434 ], [ -59.00683934551892, -27.422830657326372 ], [ -59.006945707941043, -27.423268620075149 ], [ -59.006994008185075, -27.423262321837509 ], [ -59.007221137376206, -27.423977641044996 ], [ -59.007231462614733, -27.423976230189684 ], [ -59.007331689562285, -27.424255296559149 ], [ -59.007470259435479, -27.424737908067808 ], [ -59.007450943279864, -27.424740659902948 ], [ -59.007568947003598, -27.425226594453388 ], [ -59.007559584686391, -27.425305438723605 ], [ -59.007571224230553, -27.425638159536035 ], [ -59.007510616328787, -27.425756830272281 ], [ -59.007411457992852, -27.425900058651404 ], [ -59.007041997327995, -27.426129397314178 ], [ -59.009192599941059, -27.428097737490017 ], [ -59.009523895243589, -27.427876805485937 ], [ -59.009313461521216, -27.426694595855018 ], [ -59.00920485056789, -27.426088686913751 ], [ -59.00910860300862, -27.425554167046624 ], [ -59.009012342345763, -27.425019623536599 ], [ -59.008964231037638, -27.424752351883708 ], [ -59.008924117623415, -27.424529616469339 ], [ -59.008888098219572, -27.424329604639311 ], [ -59.008852086862113, -27.424129610901449 ], [ -59.008835886322153, -27.424039632742687 ], [ -59.008786027513032, -27.423763510815292 ], [ -59.008720085811511, -27.42348358743245 ], [ -59.00855840345077, -27.423020082645237 ], [ -59.008511794820869, -27.422916831844347 ], [ -59.008380055624748, -27.422619597639745 ], [ -59.008244176950029, -27.422378072985136 ], [ -59.008089419352679, -27.422147748485774 ], [ -59.007865278878263, -27.421855038589783 ], [ -59.007566475321163, -27.421519798934668 ], [ -59.007112954135742, -27.421060492354226 ], [ -59.006778684556792, -27.420721996289217 ] ] ], [ [ [ -59.004802784562031, -27.426211791192802 ], [ -59.003208737274107, -27.427625230560885 ], [ -59.003850717591277, -27.428200874994438 ], [ -59.004366809373849, -27.427742603410231 ], [ -59.004476997169036, -27.427645936905922 ], [ -59.006010114627244, -27.429010181527655 ], [ -59.005427698382498, -27.429524378225764 ], [ -59.005707533252362, -27.429775293777499 ], [ -59.005663094410522, -27.42981475477227 ], [ -59.006089460568298, -27.430197038837562 ], [ -59.007862785445944, -27.428634266568569 ], [ -59.005111066413775, -27.426176093479196 ], [ -59.004802784562031, -27.426211791192802 ] ] ], [ [ [ -59.009176029180296, -27.428251891626598 ], [ -59.008878745519191, -27.427985348085379 ], [ -59.006861704160492, -27.429775359864351 ], [ -59.006763781011884, -27.429862328582438 ], [ -59.006489963726288, -27.430105475421605 ], [ -59.009176029180296, -27.428251891626598 ] ] ] ] } },
{ "type": "Feature", "properties": { "Barrio": "SANTA LUCIA", "Municipio": "Resistencia", "ID": 304, "Área": 254114.28, "Perímetro": 3872.84 }, "geometry": { "type": "MultiPolygon", "coordinates": [ [ [ [ -59.001124699259407, -27.412773595085135 ], [ -58.999989490322939, -27.413781709289573 ], [ -59.000025153581142, -27.413813692229819 ], [ -58.995996735866946, -27.417390861346558 ], [ -58.99623940623583, -27.417389080440163 ], [ -58.99671504707883, -27.417225799444417 ], [ -58.99678461963255, -27.417149521502466 ], [ -58.997088579010445, -27.416859242996914 ], [ -58.997415156079171, -27.416666006098446 ], [ -58.997673082358354, -27.416475161548387 ], [ -58.997946235530712, -27.416336349807604 ], [ -58.998179985430845, -27.416226166157472 ], [ -58.998385553017883, -27.416090721878099 ], [ -58.998634351848402, -27.415994026721844 ], [ -58.998818640432653, -27.415903450641949 ], [ -58.998828896533666, -27.415915016808249 ], [ -58.999207714238096, -27.415773315682419 ], [ -58.999497165287359, -27.41576944377152 ], [ -58.999785116887992, -27.415708423647789 ], [ -59.000094724171781, -27.415721745277729 ], [ -59.000269878650052, -27.415759387382181 ], [ -59.000436015975836, -27.415768467930832 ], [ -59.000520762604971, -27.415785204345742 ], [ -59.000808375832058, -27.415806006152007 ], [ -59.000984374910026, -27.415778590175847 ], [ -59.001066959577159, -27.415834124206857 ], [ -59.001206368002499, -27.415862537714094 ], [ -59.001455524527024, -27.41589260971902 ], [ -59.001712815371725, -27.415974601167882 ], [ -59.001928384071135, -27.416108427644517 ], [ -59.002137335730467, -27.416311053306448 ], [ -59.002343288043498, -27.416476650294992 ], [ -59.002433923585443, -27.416620674756647 ], [ -59.002552595692052, -27.416764749950055 ], [ -59.002629332761344, -27.416871219472934 ], [ -59.002734155114545, -27.416965219737023 ], [ -59.002888157268288, -27.417028021354678 ], [ -59.002964857309735, -27.41714700263271 ], [ -59.003034310431332, -27.417334786138085 ], [ -59.003082749330524, -27.41751627514169 ], [ -59.003165355904493, -27.417764695936246 ], [ -59.003200901549739, -27.417745034878173 ], [ -59.003271382332862, -27.417854586023552 ], [ -59.003301191285196, -27.417926529959054 ], [ -59.003356991782134, -27.41795577839007 ], [ -59.003424719400066, -27.418309783111663 ], [ -59.003422261023694, -27.418311042385628 ], [ -59.00328968372839, -27.418796111280056 ], [ -59.003110349995417, -27.418836194386273 ], [ -59.003117442453416, -27.418888902623323 ], [ -59.003101121522953, -27.418922605665145 ], [ -59.002978973812858, -27.418954211008703 ], [ -59.002892461272545, -27.418988768285381 ], [ -59.002822784707767, -27.419023814094892 ], [ -59.002737892843903, -27.419091260538934 ], [ -59.002675568162978, -27.419133329632466 ], [ -59.002535018871875, -27.419211250375973 ], [ -59.002355613120685, -27.419242253280185 ], [ -59.002060041687159, -27.419270380610438 ], [ -59.001931351304769, -27.419322297345769 ], [ -59.001791160104453, -27.419322071472124 ], [ -59.001604461960554, -27.419259217646125 ], [ -59.001429403989626, -27.419206808805075 ], [ -59.001207762135273, -27.419112626713581 ], [ -59.00104457062362, -27.419008109626002 ], [ -59.000799834172774, -27.418905018400807 ], [ -59.000629509746872, -27.418848317461997 ], [ -59.000475044989926, -27.418913258710269 ], [ -59.000421161485569, -27.419033330862259 ], [ -59.000532934316361, -27.419348664989176 ], [ -59.000685119152095, -27.419597288126457 ], [ -59.00095873353203, -27.419768281019461 ], [ -59.001157483614342, -27.419961395403003 ], [ -59.001572276804374, -27.420154870329853 ], [ -59.001771486546154, -27.420214517470065 ], [ -59.001929179971093, -27.420266686089189 ], [ -59.002086818136888, -27.420333680894029 ], [ -59.002378487507379, -27.420494666741803 ], [ -59.0025576219074, -27.420536295068963 ], [ -59.003165982344925, -27.420787655329146 ], [ -59.003703252852318, -27.421046843695024 ], [ -59.004125165387862, -27.421411666122058 ], [ -59.004343496855697, -27.421874144700293 ], [ -59.004512875298936, -27.422232931824443 ], [ -59.005703646692041, -27.421175483183532 ], [ -59.005717410036695, -27.420982116021104 ], [ -59.005811982454546, -27.420044951272168 ], [ -59.005648717059586, -27.419747866935442 ], [ -59.005445497212065, -27.419520973937715 ], [ -59.00523030113915, -27.419291985629851 ], [ -59.005037577773777, -27.419055769717541 ], [ -59.004775089633839, -27.418693599666774 ], [ -59.004631484247327, -27.418493415171206 ], [ -59.004417520039944, -27.418160836565495 ], [ -59.004230775941849, -27.417896825196539 ], [ -59.004029398689966, -27.417583803546162 ], [ -59.003958917308914, -27.417474252764475 ], [ -59.003888439186902, -27.417364692045457 ], [ -59.003758443055958, -27.417041377775281 ], [ -59.003644728245142, -27.416758549767746 ], [ -59.003121827491292, -27.41543677169112 ], [ -59.003051143878658, -27.415258091490095 ], [ -59.002662455701575, -27.414250466168365 ], [ -59.00257103309022, -27.414013447420682 ], [ -59.002554182355148, -27.413979446652665 ], [ -59.002472755197545, -27.413819436852897 ], [ -59.002382072147931, -27.413645369601205 ], [ -59.002334196811958, -27.41355090669386 ], [ -59.002267524040292, -27.413492497740197 ], [ -59.002196207511666, -27.413428535752821 ], [ -59.002049037968, -27.413304633532629 ], [ -59.001977200425856, -27.41324410481845 ], [ -59.001938594022782, -27.413211595975998 ], [ -59.001894080454818, -27.413187648895413 ], [ -59.001715601443394, -27.413091551490972 ], [ -59.001124699259407, -27.412773595085135 ] ] ] ] } },
{ "type": "Feature", "properties": { "Barrio": "ASENTAMIENTO ENCARNACION", "Municipio": "Resistencia", "ID": 305, "Área": 102710.44, "Perímetro": 2185.5 }, "geometry": { "type": "MultiPolygon", "coordinates": [ [ [ [ -58.990551466674553, -27.42223706644684 ], [ -58.989913478571872, -27.422803483697376 ], [ -58.988667467413762, -27.424285088097797 ], [ -58.987844703727077, -27.42479880747231 ], [ -58.987611711550997, -27.424943230454769 ], [ -58.987605135348154, -27.424946010695212 ], [ -58.98759876720554, -27.424949151586503 ], [ -58.987592631498295, -27.424952641575029 ], [ -58.987586754582871, -27.424956473633355 ], [ -58.987581154882704, -27.424960623531529 ], [ -58.987575864854179, -27.424965080676994 ], [ -58.987570893778972, -27.424969825285224 ], [ -58.987566260014688, -27.424974840344692 ], [ -58.987561999207685, -27.424980098141155 ], [ -58.987558111464992, -27.4249855869447 ], [ -58.98755461720777, -27.424991285246978 ], [ -58.987551529852936, -27.424997163367557 ], [ -58.987548864691711, -27.425003207882074 ], [ -58.987546627092804, -27.425009384539816 ], [ -58.987544824266195, -27.425015678955351 ], [ -58.987543470640098, -27.425022061455596 ], [ -58.987542573506801, -27.425028508632096 ], [ -58.987542126067986, -27.425034989755154 ], [ -58.987542134563654, -27.42504148592052 ], [ -58.987588488235637, -27.426303173803756 ], [ -58.987588954743117, -27.426309679611222 ], [ -58.987589883751433, -27.426316146366915 ], [ -58.987591270377543, -27.426322555085786 ], [ -58.98759310084349, -27.426328864159078 ], [ -58.987595376275742, -27.426335060961932 ], [ -58.987598081737012, -27.42634112011968 ], [ -58.987601211423581, -27.426347012714569 ], [ -58.987604751351668, -27.426352719695426 ], [ -58.987608682530954, -27.42635821656048 ], [ -58.987612997118845, -27.426363476181933 ], [ -58.987617675006817, -27.426368485780625 ], [ -58.987622696160365, -27.426373224456665 ], [ -58.98762804760684, -27.426377673166236 ], [ -58.987633695187995, -27.426381807297407 ], [ -58.987639624845919, -27.426385615919706 ], [ -58.98764581743378, -27.426389091675162 ], [ -58.987652237839725, -27.426392203628431 ], [ -58.987658865831662, -27.426394952534856 ], [ -58.987665674280173, -27.426397319247826 ], [ -58.987672635874901, -27.426399304471339 ], [ -58.987679724448199, -27.426400894479833 ], [ -58.987686912796619, -27.426402078247435 ], [ -58.98769416547902, -27.426402860930903 ], [ -58.987701459402551, -27.426403224315244 ], [ -58.988135629601814, -27.426413019061169 ], [ -58.989191041159152, -27.426436813585923 ], [ -58.989633129292471, -27.425256845116365 ], [ -58.990600352509553, -27.422249588795232 ], [ -58.990551466674553, -27.42223706644684 ] ] ], [ [ [ -58.992296871285184, -27.420576474898937 ], [ -58.993242154777036, -27.421438026809902 ], [ -58.993413326400486, -27.421591540295427 ], [ -58.993598272496868, -27.421554633436497 ], [ -58.9943161425375, -27.4209172365169 ], [ -58.995243253185002, -27.421748833592449 ], [ -58.995909949627297, -27.42115686888032 ], [ -58.995774828417716, -27.420894969884209 ], [ -58.995667844896744, -27.42079902597289 ], [ -58.994976796849237, -27.420202726808146 ], [ -58.994741656190058, -27.419993299196275 ], [ -58.994292328236327, -27.41971645908508 ], [ -58.993634268143403, -27.41998792470164 ], [ -58.993132093922597, -27.419986795573287 ], [ -58.99272503721658, -27.420197762126637 ], [ -58.992296871285184, -27.420576474898937 ] ] ] ] } },
{ "type": "Feature", "properties": { "Barrio": "SANTO DOMINGO", "Municipio": "Resistencia", "ID": 307, "Área": 118900.68, "Perímetro": 1669.38 }, "geometry": { "type": "MultiPolygon", "coordinates": [ [ [ [ -58.98923118757547, -27.435862534487303 ], [ -58.993548189217407, -27.432030195615997 ], [ -58.993548292284636, -27.431994081124412 ], [ -58.992875392878219, -27.431390630237757 ], [ -58.992692367336076, -27.431226498876576 ], [ -58.992019473218868, -27.430623041306326 ], [ -58.991979005977569, -27.430622949859757 ], [ -58.990370730257503, -27.432050699131505 ], [ -58.990199573830303, -27.432201415891605 ], [ -58.989547674364651, -27.43160807433528 ], [ -58.989465228614293, -27.432004507468111 ], [ -58.989312188245044, -27.432408077904718 ], [ -58.98929674279924, -27.432656287600238 ], [ -58.989281307353387, -27.432904500063668 ], [ -58.989269853299078, -27.433022165210264 ], [ -58.989258507568472, -27.433139925887041 ], [ -58.989246958193661, -27.433257501904222 ], [ -58.989234360247238, -27.433386934557795 ], [ -58.989212601698625, -27.433610503661431 ], [ -58.989274290670011, -27.433793765827989 ], [ -58.989335908652833, -27.433976959774686 ], [ -58.989236141273196, -27.434143357103238 ], [ -58.989158051355219, -27.43432053237693 ], [ -58.989146971860926, -27.434376516606232 ], [ -58.989123061041234, -27.434497272177623 ], [ -58.989089575370578, -27.434666364539872 ], [ -58.988997495548432, -27.435050461471725 ], [ -58.988933898849346, -27.435208240799259 ], [ -58.988834464538179, -27.435311603069064 ], [ -58.988801867616537, -27.435439141744752 ], [ -58.988802913205404, -27.435458352472839 ], [ -58.988817492722241, -27.435491526178694 ], [ -58.98923118757547, -27.435862534487303 ] ] ] ] } },
{ "type": "Feature", "properties": { "Barrio": "SANTA CLARA", "Municipio": "Resistencia", "ID": 308, "Área": 224153.81, "Perímetro": 2720.03 }, "geometry": { "type": "MultiPolygon", "coordinates": [ [ [ [ -58.990100805527284, -27.432040257649582 ], [ -58.991857184153666, -27.430481020534135 ], [ -58.990798366024421, -27.429531444443459 ], [ -58.990668731053638, -27.429593163027668 ], [ -58.990231733675323, -27.429662932026865 ], [ -58.989554524022147, -27.429771054816435 ], [ -58.987833456606374, -27.42926772378102 ], [ -58.98744559338094, -27.429340358427208 ], [ -58.987223312337676, -27.429459547950351 ], [ -58.987089586591594, -27.429339602545046 ], [ -58.986910356354478, -27.429498700034493 ], [ -58.986731133668464, -27.429657800041632 ], [ -58.986551906398958, -27.429816902478255 ], [ -58.986396312618481, -27.429994699312967 ], [ -58.986277254725351, -27.430193703698507 ], [ -58.986158324269894, -27.430392769353535 ], [ -58.986126002930774, -27.430616501147963 ], [ -58.986093650130975, -27.43084022908705 ], [ -58.9861311363873, -27.431063312758692 ], [ -58.986168599380832, -27.431286411587248 ], [ -58.986266030807982, -27.431494569471628 ], [ -58.986413578523582, -27.431677745359046 ], [ -58.986573233719582, -27.431852657784908 ], [ -58.986755154243646, -27.432009313820235 ], [ -58.986965109654001, -27.432134972471257 ], [ -58.987010886307722, -27.432215537725664 ], [ -58.987053569228145, -27.432261672553953 ], [ -58.987094347201264, -27.432344440208123 ], [ -58.987103760171948, -27.432437089951542 ], [ -58.98712130893211, -27.432527329060218 ], [ -58.987134830546687, -27.432561301960252 ], [ -58.987148214827236, -27.432595364096997 ], [ -58.987161620425987, -27.432629418266131 ], [ -58.987175049209, -27.432663481626083 ], [ -58.987191866948237, -27.432706072560098 ], [ -58.987211006549714, -27.43275488229196 ], [ -58.986925706097885, -27.43306049119002 ], [ -58.986668585752923, -27.433282917204124 ], [ -58.986383682391129, -27.433283271806065 ], [ -58.986227294274869, -27.433326276871231 ], [ -58.986081826814051, -27.433330048062409 ], [ -58.985525111185638, -27.433111564217814 ], [ -58.985231566134807, -27.433373369383759 ], [ -58.98511047543483, -27.433480852995455 ], [ -58.985004587686191, -27.433574853160295 ], [ -58.984876039167133, -27.433688955195699 ], [ -58.985348127879071, -27.434540717501665 ], [ -58.985620534422281, -27.434421557774307 ], [ -58.985785932389192, -27.434494698655485 ], [ -58.987460222187586, -27.435996303636497 ], [ -58.987706349524011, -27.435777821013229 ], [ -58.988834464538179, -27.435311603069064 ], [ -58.988933898849346, -27.435208240799259 ], [ -58.988997495548432, -27.435050461471725 ], [ -58.989089575370578, -27.434666364539872 ], [ -58.989123061041234, -27.434497272177623 ], [ -58.989146971860926, -27.434376516606232 ], [ -58.989158051355219, -27.43432053237693 ], [ -58.988407455149989, -27.433647906454272 ], [ -58.98839349495811, -27.433471973760696 ], [ -58.988347783112687, -27.433229408537393 ], [ -58.988315923876584, -27.433060334685095 ], [ -58.988305864696763, -27.433006941147458 ], [ -58.988341301319934, -27.432890143205046 ], [ -58.988376762932603, -27.432773257902603 ], [ -58.98841456044125, -27.432670367116671 ], [ -58.98843877682382, -27.432604427789411 ], [ -58.988479723777367, -27.43249295853386 ], [ -58.988514151707363, -27.432399241024456 ], [ -58.988553396748607, -27.432292400232843 ], [ -58.988588038359445, -27.432198081473576 ], [ -58.98862269002138, -27.432103762776208 ], [ -58.988697153530119, -27.431955551580305 ], [ -58.988744313773211, -27.431861689067564 ], [ -58.988791469897613, -27.431767825603789 ], [ -58.988839414906074, -27.431672392321907 ], [ -58.988887320621622, -27.431577044459893 ], [ -58.988935268436876, -27.43148161747613 ], [ -58.988983170949517, -27.431386269552103 ], [ -58.989016268321834, -27.431320400840441 ], [ -58.989049364683645, -27.431254527600391 ], [ -58.989081667006452, -27.431190222309937 ], [ -58.989105122208848, -27.431146588204356 ], [ -58.990100805527284, -27.432040257649582 ] ] ] ] } },
{ "type": "Feature", "properties": { "Barrio": "MIRANDA GALLINO", "Municipio": "Resistencia", "ID": 309, "Área": 170131.55, "Perímetro": 2047.09 }, "geometry": { "type": "MultiPolygon", "coordinates": [ [ [ [ -58.981218303460082, -27.430494641154031 ], [ -58.980890945882003, -27.430614736962895 ], [ -58.980759615544535, -27.430632408537104 ], [ -58.980071029565075, -27.430891306089713 ], [ -58.98041343293616, -27.431616352697223 ], [ -58.980554856667425, -27.431998976316098 ], [ -58.980530824317718, -27.432157326214092 ], [ -58.97893862963388, -27.43252809936812 ], [ -58.978963189136984, -27.43265461596123 ], [ -58.979014132411898, -27.432774698908066 ], [ -58.979049581051207, -27.432859212815455 ], [ -58.97908523761199, -27.432953229181109 ], [ -58.979130521861869, -27.43377840144079 ], [ -58.979152801903467, -27.43392529371247 ], [ -58.979147266061609, -27.433977925688563 ], [ -58.979137650719558, -27.43402130386221 ], [ -58.979119567664277, -27.434062469683074 ], [ -58.978969552803939, -27.434572127758265 ], [ -58.978746915770643, -27.435159653112827 ], [ -58.978790091475403, -27.435463801084776 ], [ -58.978766620217755, -27.43551929472272 ], [ -58.978764721166911, -27.435558160757338 ], [ -58.978771351475068, -27.435579918303258 ], [ -58.97876356623447, -27.43567033178465 ], [ -58.978715332769035, -27.435761580399518 ], [ -58.978651019522964, -27.435807059893868 ], [ -58.978626662227825, -27.435853650650081 ], [ -58.978533166704281, -27.435968426727825 ], [ -58.978512333614539, -27.436039757104737 ], [ -58.978502187765727, -27.436126971539156 ], [ -58.978504513558896, -27.436217179378396 ], [ -58.978495746020002, -27.436245426626421 ], [ -58.978506549599302, -27.436289209776199 ], [ -58.978515724269641, -27.436307141932971 ], [ -58.978529375667534, -27.43639718283433 ], [ -58.978527586129537, -27.436427877898087 ], [ -58.978582251114979, -27.436486356219643 ], [ -58.978880476367507, -27.436714910308222 ], [ -58.979063480362818, -27.436711160056035 ], [ -58.979367269590604, -27.436512217023861 ], [ -58.979476376355159, -27.436304053152526 ], [ -58.979558431003802, -27.436216749805684 ], [ -58.979622503744103, -27.436128793177975 ], [ -58.979689198015215, -27.436040921583906 ], [ -58.979864227322743, -27.435866712136146 ], [ -58.97990204537583, -27.435820858558415 ], [ -58.979943927208495, -27.435785648266499 ], [ -58.980023568398423, -27.435705675773246 ], [ -58.980103220597087, -27.435625703311857 ], [ -58.980255825151858, -27.435547000073257 ], [ -58.980348141873094, -27.435506772518728 ], [ -58.980440469619822, -27.435466548591577 ], [ -58.98053059996775, -27.435419467739123 ], [ -58.980625103655576, -27.435386103099127 ], [ -58.980771007952242, -27.435349061838934 ], [ -58.980916913076392, -27.435312030355803 ], [ -58.981403266319248, -27.435188577144114 ], [ -58.982103616966853, -27.435010807717191 ], [ -58.982439789146312, -27.435089073625655 ], [ -58.982633696697334, -27.435136717252679 ], [ -58.982727133330918, -27.435183235616634 ], [ -58.983081254864487, -27.435221324404409 ], [ -58.983316961724654, -27.435163224047439 ], [ -58.983644976040388, -27.434948034207491 ], [ -58.98372904911075, -27.434837544246687 ], [ -58.983747621454533, -27.434698849775131 ], [ -58.983691899928239, -27.434575874046129 ], [ -58.983616649183837, -27.434451522339952 ], [ -58.983435425936314, -27.434192456698288 ], [ -58.983375482398486, -27.434077571290082 ], [ -58.982549996684035, -27.433087461128085 ], [ -58.982498296281328, -27.432954332963739 ], [ -58.981832025919623, -27.431829177873944 ], [ -58.981808673167841, -27.431700417333108 ], [ -58.981218303460082, -27.430494641154031 ] ] ] ] } },
{ "type": "Feature", "properties": { "Barrio": "AVALOS", "Municipio": "Resistencia", "ID": 310, "Área": 210941.0, "Perímetro": 3193.7 }, "geometry": { "type": "MultiPolygon", "coordinates": [ [ [ [ -58.986542636323037, -27.438249047113132 ], [ -58.987259590296922, -27.437612651638879 ], [ -58.987402986765936, -27.437485373559866 ], [ -58.988119930868663, -27.436848973322384 ], [ -58.988263325445722, -27.43672168526771 ], [ -58.989087803367184, -27.435989817356184 ], [ -58.988642722263108, -27.435590661808551 ], [ -58.988602359248056, -27.435554536128112 ], [ -58.988583682159813, -27.435544622594371 ], [ -58.988567229011771, -27.435538924786343 ], [ -58.988560248897919, -27.435537353647589 ], [ -58.988549999292047, -27.435535874280816 ], [ -58.988539811879129, -27.435535338331714 ], [ -58.988527944931022, -27.435535878438696 ], [ -58.988517637872931, -27.435537372833718 ], [ -58.988506254811284, -27.43554019130255 ], [ -58.988403816999252, -27.435581123273465 ], [ -58.988305459881438, -27.435620835022561 ], [ -58.988068915056409, -27.435715743252441 ], [ -58.987997583859944, -27.435754121522553 ], [ -58.987918972857351, -27.435785970642748 ], [ -58.987859234451534, -27.435833011775209 ], [ -58.987852134783815, -27.435826585934642 ], [ -58.987793779871623, -27.435878390721939 ], [ -58.987787998772561, -27.435873208884875 ], [ -58.987679101903616, -27.435967456292971 ], [ -58.987550051536587, -27.436082007389867 ], [ -58.987406665190512, -27.436209285757968 ], [ -58.987244373247968, -27.43606726236375 ], [ -58.986800938786516, -27.435669572144747 ], [ -58.98665828440155, -27.435541632331685 ], [ -58.985589910738113, -27.434583443921213 ], [ -58.985421858286387, -27.434659351617523 ], [ -58.985276955984887, -27.434720780557981 ], [ -58.984739793719413, -27.43375171808718 ], [ -58.984841422284674, -27.433527277978204 ], [ -58.985396823999061, -27.433032531916606 ], [ -58.985232699429211, -27.432923701591953 ], [ -58.984662092981644, -27.43241192364405 ], [ -58.984422455555134, -27.431920118220063 ], [ -58.984371334081509, -27.431504561458123 ], [ -58.984337469143021, -27.431325953167242 ], [ -58.984310378143974, -27.430835213531381 ], [ -58.984022058775892, -27.429758545749408 ], [ -58.983971861022752, -27.429316898321382 ], [ -58.983710452845962, -27.428721637900079 ], [ -58.983655626307332, -27.42864302689642 ], [ -58.983538449849604, -27.428365207181049 ], [ -58.98161522654808, -27.430072355202391 ], [ -58.982283771832634, -27.431635631104694 ], [ -58.982899706247288, -27.432602169872965 ], [ -58.983140636352651, -27.432868356530268 ], [ -58.983637134270232, -27.433581626872677 ], [ -58.983764659028203, -27.433726380430052 ], [ -58.984009188716136, -27.434019751120704 ], [ -58.984239738981728, -27.434321857221168 ], [ -58.984305686303074, -27.43443005893554 ], [ -58.984380239999105, -27.43456369049197 ], [ -58.984451608658944, -27.434647108620581 ], [ -58.984603771096339, -27.434765968175761 ], [ -58.984794678684807, -27.434916925244146 ], [ -58.98479779199733, -27.43495744043847 ], [ -58.984806682155082, -27.435092552436771 ], [ -58.984601932412247, -27.435754943352499 ], [ -58.983991380374114, -27.436009751276053 ], [ -58.983339964948563, -27.435982722966227 ], [ -58.983325919763843, -27.436188278242327 ], [ -58.984081953878167, -27.436410370931778 ], [ -58.984829659702655, -27.4367118047807 ], [ -58.985083505435334, -27.436939469395217 ], [ -58.986542636323037, -27.438249047113132 ] ] ] ] } },
{ "type": "Feature", "properties": { "Barrio": "UNIVERSIDAD", "Municipio": "Resistencia", "ID": 311, "Área": 397436.89, "Perímetro": 2776.54 }, "geometry": { "type": "MultiPolygon", "coordinates": [ [ [ [ -58.979428423768361, -27.444565555685376 ], [ -58.986192890937261, -27.438566192044739 ], [ -58.984909013445836, -27.437414741074733 ], [ -58.984729097335247, -27.437263413930424 ], [ -58.98453866872282, -27.437122688483225 ], [ -58.984338521176554, -27.436993153398749 ], [ -58.984129476207826, -27.43687532626203 ], [ -58.98391239186985, -27.43676970868491 ], [ -58.983688170382557, -27.43667672680667 ], [ -58.983457721413366, -27.436596765316711 ], [ -58.983222002662089, -27.436530153313409 ], [ -58.982981981458302, -27.436477161317622 ], [ -58.982738642720825, -27.436438015768974 ], [ -58.982492993260983, -27.436412871084503 ], [ -58.982246043407635, -27.436401828474526 ], [ -58.981998805931482, -27.436404943153857 ], [ -58.981752304418713, -27.436422193722827 ], [ -58.981507549756927, -27.436453509968686 ], [ -58.981265552280504, -27.436498772051934 ], [ -58.981027298786572, -27.436557780560246 ], [ -58.980793780430034, -27.436630302732372 ], [ -58.980565952622094, -27.436716034265498 ], [ -58.980344751991566, -27.436814624704891 ], [ -58.980131099519497, -27.436925666637819 ], [ -58.979818210215797, -27.437178175523769 ], [ -58.978613715546686, -27.438367485487252 ], [ -58.978825276280311, -27.438792180958746 ], [ -58.978847495577163, -27.438952743479529 ], [ -58.978866132467061, -27.439065974485526 ], [ -58.978890223605092, -27.439150213867766 ], [ -58.978917959927138, -27.439239050403877 ], [ -58.978945591902594, -27.439327910533336 ], [ -58.978986878665935, -27.439412357112115 ], [ -58.97902859197346, -27.439496728299002 ], [ -58.979070246412704, -27.43958112882023 ], [ -58.979125111371467, -27.439659172445129 ], [ -58.97920990340485, -27.439779272252281 ], [ -58.979096049354979, -27.439911700277651 ], [ -58.978916787378353, -27.440070785545249 ], [ -58.979622433801907, -27.440703741903715 ], [ -58.979081077351012, -27.441184189668586 ], [ -58.977339684815682, -27.442728348481868 ], [ -58.979387947530114, -27.444565460414402 ], [ -58.979428423768361, -27.444565555685376 ] ] ] ] } },
{ "type": "Feature", "properties": { "Barrio": "PAYQUIN", "Municipio": "Resistencia", "ID": 312, "Área": 92591.36, "Perímetro": 1283.12 }, "geometry": { "type": "MultiPolygon", "coordinates": [ [ [ [ -58.979454212796028, -27.440594595044164 ], [ -58.977843932608415, -27.439152274703183 ], [ -58.977796589460105, -27.439193627206482 ], [ -58.977703700456075, -27.439110935801651 ], [ -58.977412704565104, -27.438849926579472 ], [ -58.976066534026756, -27.440045606293996 ], [ -58.976059441602409, -27.440039100510067 ], [ -58.975965635542195, -27.440120444533235 ], [ -58.975923374862397, -27.440082665329466 ], [ -58.975826064755196, -27.4399934080324 ], [ -58.97579757043021, -27.440018130749419 ], [ -58.975607682840732, -27.439846853333709 ], [ -58.974869133579759, -27.440502273628027 ], [ -58.975877262620145, -27.441413032087226 ], [ -58.97720032090853, -27.44259974562468 ], [ -58.979454212796028, -27.440594595044164 ] ] ] ] } },
{ "type": "Feature", "properties": { "Barrio": "CAMORS", "Municipio": "Resistencia", "ID": 313, "Área": 39826.27, "Perímetro": 802.07 }, "geometry": { "type": "MultiPolygon", "coordinates": [ [ [ [ -58.973707872453488, -27.437155119932733 ], [ -58.97240930188314, -27.438307265584857 ], [ -58.9739776952485, -27.439711580577189 ], [ -58.97527970638928, -27.43856437361082 ], [ -58.973707872453488, -27.437155119932733 ] ] ] ] } },
{ "type": "Feature", "properties": { "Barrio": "SANTA CATALINA", "Municipio": "Resistencia", "ID": 314, "Área": 68147.23, "Perímetro": 1386.95 }, "geometry": { "type": "MultiPolygon", "coordinates": [ [ [ [ -58.974695116889151, -27.436283274546216 ], [ -58.973759911065905, -27.437128070585366 ], [ -58.975396520510699, -27.438533906315502 ], [ -58.975418429118484, -27.438691428763821 ], [ -58.974144619768722, -27.439827847598071 ], [ -58.974144511267852, -27.439863965479557 ], [ -58.974750528148164, -27.440407561178588 ], [ -58.975608466688456, -27.439640201028798 ], [ -58.975992965795072, -27.439983536568558 ], [ -58.977346561896177, -27.438783678185327 ], [ -58.97635703751704, -27.437898020757 ], [ -58.976262562760219, -27.437683391052083 ], [ -58.974695116889151, -27.436283274546216 ] ] ] ] } },
{ "type": "Feature", "properties": { "Barrio": "GONZALITO", "Municipio": "Resistencia", "ID": 315, "Área": 122643.77, "Perímetro": 2118.14 }, "geometry": { "type": "MultiPolygon", "coordinates": [ [ [ [ -58.974803305042478, -27.436215920782821 ], [ -58.975514353347734, -27.436853751154253 ], [ -58.975651979887992, -27.436986842005737 ], [ -58.97636518772125, -27.437626578990184 ], [ -58.976506210221835, -27.437760122589509 ], [ -58.97721942795156, -27.43839985540242 ], [ -58.977277557951076, -27.438594153797965 ], [ -58.977990785463611, -27.43923388285539 ], [ -58.978132343204074, -27.439367504582457 ], [ -58.978845475233591, -27.440006811802874 ], [ -58.979024727122933, -27.439847722942272 ], [ -58.978804362912065, -27.439376980867223 ], [ -58.978745060340586, -27.438722445329581 ], [ -58.978435389896681, -27.438444762904602 ], [ -58.978509369934315, -27.438276547899022 ], [ -58.979557407117312, -27.437346388623109 ], [ -58.979379104907551, -27.437186456222701 ], [ -58.979081366323079, -27.437318084257203 ], [ -58.978684381056475, -27.437326404231392 ], [ -58.97832340339076, -27.437324147036911 ], [ -58.9780359052167, -27.437213491434953 ], [ -58.9779758852738, -27.437165089072479 ], [ -58.9779136038294, -27.437119009914259 ], [ -58.977832487054442, -27.43706513064064 ], [ -58.977747358339236, -27.437016407746647 ], [ -58.977660149296142, -27.436924451964845 ], [ -58.977594136303281, -27.436856088610394 ], [ -58.977546001184017, -27.436776736631792 ], [ -58.977517826793893, -27.436690071296994 ], [ -58.977510806373914, -27.436600054606494 ], [ -58.977511836198573, -27.436509828982043 ], [ -58.97753414556631, -27.436421821380399 ], [ -58.977598911917447, -27.436374891143604 ], [ -58.977633068801083, -27.436332569347549 ], [ -58.977557465978336, -27.436268880224926 ], [ -58.977581507103224, -27.436225599006779 ], [ -58.977582346324382, -27.436131905114429 ], [ -58.977574158881438, -27.436073810731376 ], [ -58.977606242409912, -27.435950172988655 ], [ -58.977602682432931, -27.435875555170735 ], [ -58.977608860223647, -27.43581997096577 ], [ -58.97764129599399, -27.435733820687968 ], [ -58.977686594793745, -27.435636383309618 ], [ -58.977724263358304, -27.435546475170955 ], [ -58.977815862427356, -27.435421561259783 ], [ -58.978052464948114, -27.435176082623258 ], [ -58.978145638829893, -27.435111028093054 ], [ -58.978226150489604, -27.43477498250131 ], [ -58.978266148287176, -27.434686295918087 ], [ -58.978275436973654, -27.434506019402185 ], [ -58.978290191281694, -27.434416295903407 ], [ -58.978308979253967, -27.434326736424946 ], [ -58.978309578221499, -27.434236434502857 ], [ -58.978334431800356, -27.434147125223888 ], [ -58.978355243549302, -27.434057653661664 ], [ -58.978345744164315, -27.433966936613388 ], [ -58.9783736193857, -27.433877747830881 ], [ -58.978423726140903, -27.433789475477365 ], [ -58.978438473135547, -27.433699751896036 ], [ -58.978443120760566, -27.433609619506505 ], [ -58.978407351076399, -27.433517822868961 ], [ -58.978386224518168, -27.433369774000766 ], [ -58.978370910157743, -27.433073220420468 ], [ -58.977902244460815, -27.433497099915026 ], [ -58.97769871862014, -27.433686602270985 ], [ -58.977160978570225, -27.434163864007079 ], [ -58.977045710284145, -27.43426590313025 ], [ -58.976247634392564, -27.43497421918843 ], [ -58.976089951888923, -27.435072551212183 ], [ -58.975389120291005, -27.435692213214761 ], [ -58.974803305042478, -27.436215920782821 ] ] ] ] } },
{ "type": "Feature", "properties": { "Barrio": "ALTABE", "Municipio": "Resistencia", "ID": 316, "Área": 140485.29, "Perímetro": 1521.65 }, "geometry": { "type": "MultiPolygon", "coordinates": [ [ [ [ -58.969831394748539, -27.440593602620357 ], [ -58.96980297787897, -27.440568122916119 ], [ -58.969050030607981, -27.441236144523863 ], [ -58.969080441529165, -27.441263516937557 ], [ -58.96919945703376, -27.441431742250394 ], [ -58.969519111068188, -27.441692823225278 ], [ -58.969668562122351, -27.441924137739154 ], [ -58.969959972144196, -27.442052486028388 ], [ -58.970433602020918, -27.442477345783665 ], [ -58.97132802686788, -27.442319994660224 ], [ -58.974011166447262, -27.441847853168994 ], [ -58.974979181647967, -27.44098880986056 ], [ -58.974765221413165, -27.44079688513656 ], [ -58.974621611949075, -27.440679671483387 ], [ -58.973908402533041, -27.44003992563891 ], [ -58.973766719069054, -27.439901234758139 ], [ -58.973053512565897, -27.439261478371563 ], [ -58.972912402145475, -27.439134412337662 ], [ -58.972199753019261, -27.438495157528759 ], [ -58.969831394748539, -27.440593602620357 ] ] ] ] } },
{ "type": "Feature", "properties": { "Barrio": "PUPPO", "Municipio": "Resistencia", "ID": 317, "Área": 142896.66, "Perímetro": 1726.92 }, "geometry": { "type": "MultiPolygon", "coordinates": [ [ [ [ -58.965200117221492, -27.444707862249171 ], [ -58.967050914916783, -27.446372726436831 ], [ -58.96794731536928, -27.44557735916791 ], [ -58.968111037949711, -27.445432089682409 ], [ -58.968787554847935, -27.444831804299636 ], [ -58.968951268038481, -27.444686545427995 ], [ -58.969668369865275, -27.444050239605325 ], [ -58.969883498061371, -27.443859351318864 ], [ -58.970600582061238, -27.44322304568977 ], [ -58.970753574222201, -27.443084260083044 ], [ -58.971470662435379, -27.442447943418724 ], [ -58.97132802686788, -27.442319994660224 ], [ -58.970433602020918, -27.442477345783665 ], [ -58.96994103694383, -27.442043209682936 ], [ -58.969668562122351, -27.441924137739154 ], [ -58.969519111068188, -27.441692823225278 ], [ -58.96919945703376, -27.441431742250394 ], [ -58.969080441529165, -27.441263516937557 ], [ -58.968899199717605, -27.441420798463241 ], [ -58.968749693846732, -27.441557199476883 ], [ -58.968462862378352, -27.44181171737948 ], [ -58.968426811908344, -27.441907334006284 ], [ -58.968068268280135, -27.442225480366648 ], [ -58.967854449950984, -27.442414532984543 ], [ -58.967495904086334, -27.442732674156769 ], [ -58.967460242491484, -27.442700683032609 ], [ -58.967101694484896, -27.443018833045855 ], [ -58.9669543215009, -27.443147506510652 ], [ -58.966237216720593, -27.443783792805938 ], [ -58.965200117221492, -27.444707862249171 ] ] ] ] } },
{ "type": "Feature", "properties": { "Barrio": "AUSUNCION", "Municipio": "Resistencia", "ID": 318, "Área": 171500.02, "Perímetro": 1890.0 }, "geometry": { "type": "MultiPolygon", "coordinates": [ [ [ [ -58.968950490242648, -27.444941758558695 ], [ -58.967193557502803, -27.446500682268475 ], [ -58.972186218630824, -27.450979088942503 ], [ -58.973943157503321, -27.44942010327393 ], [ -58.968950490242648, -27.444941758558695 ] ] ] ] } },
{ "type": "Feature", "properties": { "Barrio": "SAN MARTIN", "Municipio": "Resistencia", "ID": 319, "Área": 468788.93, "Perímetro": 2727.28 }, "geometry": { "type": "MultiPolygon", "coordinates": [ [ [ [ -58.969093909763515, -27.444814500239648 ], [ -58.974066392303804, -27.449274732543131 ], [ -58.974106849975499, -27.449274829258329 ], [ -58.974783367648755, -27.448674517600381 ], [ -58.975735902499849, -27.447829276763763 ], [ -58.975879318323024, -27.447702011399251 ], [ -58.976596401669916, -27.447065675040655 ], [ -58.979177818061181, -27.444774824637577 ], [ -58.975076657789153, -27.441096343514531 ], [ -58.974359605714099, -27.441732679721831 ], [ -58.974180538879047, -27.441827957091114 ], [ -58.973724826997717, -27.442004701932415 ], [ -58.973569438876417, -27.442032024000863 ], [ -58.973324096234521, -27.442102359909612 ], [ -58.973166730904531, -27.442102884984955 ], [ -58.973018468102993, -27.442128975790929 ], [ -58.971825920655974, -27.442387564638054 ], [ -58.971603724724332, -27.442587418470826 ], [ -58.970886642397822, -27.443223734946248 ], [ -58.969093909763515, -27.444814500239648 ] ] ] ] } },
{ "type": "Feature", "properties": { "Barrio": "PARQUE AUTODROMO", "Municipio": "Resistencia", "ID": 320, "Área": 586392.14, "Perímetro": 3070.47 }, "geometry": { "type": "MultiPolygon", "coordinates": [ [ [ [ -59.002011474691088, -27.399371657222993 ], [ -58.999238101932335, -27.401834833608547 ], [ -58.999183122195902, -27.401785515482391 ], [ -58.998964537270297, -27.401979640362274 ], [ -58.999371646981281, -27.40299810142697 ], [ -58.999393030701434, -27.403017288463655 ], [ -58.999472335339384, -27.403218002321971 ], [ -58.999546802585272, -27.403406455269845 ], [ -59.00028470603052, -27.40528088799292 ], [ -59.00100030618254, -27.40708488345501 ], [ -59.001311449709412, -27.407836360348444 ], [ -59.001504126707538, -27.408301731421695 ], [ -59.001566506243357, -27.408418823339922 ], [ -59.001689616239041, -27.408627736252264 ], [ -59.001767007103716, -27.408704758591682 ], [ -59.001858591313152, -27.408795909766638 ], [ -59.001990481595421, -27.408933376350326 ], [ -59.002222932307482, -27.409107435951888 ], [ -59.002512032113252, -27.409266723508559 ], [ -59.00277055557553, -27.409355326933937 ], [ -59.003076432392106, -27.409401936618565 ], [ -59.003405233024495, -27.409428179731261 ], [ -59.003481871313632, -27.409427449676691 ], [ -59.003858051903045, -27.409381055924509 ], [ -59.00408980502813, -27.409333067570547 ], [ -59.004561163456735, -27.409116208761802 ], [ -59.005701853280691, -27.408143617484559 ], [ -59.005988511304423, -27.407889017073707 ], [ -59.006231500625297, -27.407674581433085 ], [ -59.006848489663398, -27.407125207614932 ], [ -59.007393137845654, -27.406641455947891 ], [ -59.007633210176358, -27.406428222373538 ], [ -59.007937783281861, -27.406157704715461 ], [ -59.008797731800477, -27.405393882313035 ], [ -59.007604638189441, -27.404323937787698 ], [ -59.007568797971459, -27.404355756511404 ], [ -59.005829436801619, -27.402795869288358 ], [ -59.005472852397652, -27.402476074407659 ], [ -59.005327583347942, -27.402345793242379 ], [ -59.00461442341431, -27.401706196554404 ], [ -59.004471793213625, -27.40157827770663 ], [ -59.003758653186161, -27.400938683224343 ], [ -59.003616017871174, -27.400810764391817 ], [ -59.003295109387743, -27.40052293988245 ], [ -59.002974192376371, -27.400235123618206 ], [ -59.002831568977278, -27.400107204091228 ], [ -59.002011474691088, -27.399371657222993 ] ] ] ] } },
{ "type": "Feature", "properties": { "Barrio": "CRISTO REY", "Municipio": "Resistencia", "ID": 321, "Área": 420714.44, "Perímetro": 5857.54 }, "geometry": { "type": "MultiPolygon", "coordinates": [ [ [ [ -58.99637649241717, -27.404372155237599 ], [ -58.995079277616256, -27.405524137924232 ], [ -58.997073837616412, -27.407313143747317 ], [ -58.997216466184504, -27.407441070027492 ], [ -58.997761310572862, -27.407929750366776 ], [ -58.997762746809897, -27.408020572069042 ], [ -58.999801692558755, -27.409849393432829 ], [ -59.0000095287661, -27.409664814379809 ], [ -59.000903869658444, -27.410466906039716 ], [ -59.000696026269409, -27.410651486353867 ], [ -59.0007605251432, -27.410594202563853 ], [ -59.000617891476175, -27.410466279769693 ], [ -59.000008839431061, -27.409920042717953 ], [ -58.999800995653324, -27.410104621699684 ], [ -58.999545847052637, -27.410331202673941 ], [ -58.999451733910945, -27.410419496161673 ], [ -58.999263529369948, -27.410250698121079 ], [ -58.999120183318496, -27.410377992919706 ], [ -58.997879205715243, -27.409290566465756 ], [ -58.997735866535656, -27.409417853583808 ], [ -58.997672164457185, -27.409360762350271 ], [ -58.995047110963206, -27.411690925392762 ], [ -58.995381470708288, -27.411775894837586 ], [ -58.995724283152128, -27.411853355331647 ], [ -58.995952663616926, -27.411897502302313 ], [ -58.996254661566091, -27.411947565977293 ], [ -58.996628373445638, -27.411997588304615 ], [ -58.997043771740167, -27.412038179284774 ], [ -58.998038887503782, -27.412081875660011 ], [ -58.998544372595127, -27.412075120805074 ], [ -58.999113417803144, -27.41203016212928 ], [ -58.999931704669066, -27.411863959516534 ], [ -59.000709814424852, -27.411702890951293 ], [ -59.000781514977376, -27.411592921820674 ], [ -59.000956519880745, -27.411423950802273 ], [ -59.001064753602108, -27.411238024023728 ], [ -59.001148188612824, -27.411056998929382 ], [ -59.001231919196563, -27.410761112831008 ], [ -59.001239398501156, -27.410729062026814 ], [ -59.000182777202681, -27.40776699578808 ], [ -59.000152992052534, -27.407676962515822 ], [ -58.999480490045542, -27.405975020366835 ], [ -58.999413235692728, -27.405804824409795 ], [ -58.999076978955692, -27.404953853269788 ], [ -58.999009735903343, -27.404783657199332 ], [ -58.998673485110196, -27.403932686031801 ], [ -58.998623781166742, -27.403793539796595 ], [ -58.998191517621599, -27.402699536730339 ], [ -58.996391163963139, -27.404298395846769 ], [ -58.99637649241717, -27.404372155237599 ] ] ], [ [ [ -58.993859547783316, -27.411090670962 ], [ -58.995424998352483, -27.40970057580811 ], [ -58.995364955550258, -27.409646722324144 ], [ -58.994262414272136, -27.410192973863214 ], [ -58.993748874142305, -27.409732364695081 ], [ -58.993142341139311, -27.409181737330798 ], [ -58.992795869488226, -27.409489391557116 ], [ -58.992724555006006, -27.409425424860704 ], [ -58.995864008812823, -27.406637491120051 ], [ -58.994829963530627, -27.40571002239761 ], [ -58.990514773567668, -27.409541938488253 ], [ -58.991869053030122, -27.410185077602691 ], [ -58.992761680058528, -27.410608961113134 ], [ -58.993859547783316, -27.411090670962 ] ] ] ] } },
{ "type": "Feature", "properties": { "Barrio": "EL TIMBO", "Municipio": "Resistencia", "ID": 322, "Área": 397010.41, "Perímetro": 3701.55 }, "geometry": { "type": "MultiPolygon", "coordinates": [ [ [ [ -59.002463430858889, -27.424116484798933 ], [ -59.003997323405244, -27.422754403989551 ], [ -59.003998051332267, -27.422486421257272 ], [ -59.003984065406513, -27.422371544122903 ], [ -59.003667462512617, -27.421892577633997 ], [ -59.003517125298721, -27.421742775295328 ], [ -59.003349932245861, -27.421622849609331 ], [ -59.002940041683473, -27.421405305525489 ], [ -59.002780947687356, -27.421367653365802 ], [ -59.002596844093681, -27.421292562547148 ], [ -59.002203619861319, -27.421104962346117 ], [ -59.001977537876009, -27.421052231344945 ], [ -59.001818494271156, -27.420999623570779 ], [ -59.001675674376571, -27.420902522497279 ], [ -59.0014738120312, -27.42084602801496 ], [ -59.001327997754338, -27.420784074809131 ], [ -59.00119733942698, -27.42069078804564 ], [ -59.001018194436362, -27.420552382899093 ], [ -59.000764097672395, -27.420324510478444 ], [ -59.000591746259921, -27.420193160353925 ], [ -59.000484154826857, -27.420073475392741 ], [ -59.000337963522533, -27.419872769080161 ], [ -59.000247679698383, -27.419745409812087 ], [ -59.000140303796393, -27.419564045003593 ], [ -59.000041072765214, -27.419390275085011 ], [ -58.999829732035479, -27.419184836370217 ], [ -58.999765474800576, -27.419026681727239 ], [ -58.999739948097911, -27.418910985075826 ], [ -58.99975785766761, -27.418725980822305 ], [ -58.999771173139145, -27.418621922712852 ], [ -58.999873448932981, -27.418511236963596 ], [ -59.000067197360316, -27.418383280854293 ], [ -59.000230256985638, -27.418327738447449 ], [ -59.000425294113072, -27.418278383434558 ], [ -59.000654933841751, -27.418284974656292 ], [ -59.000821830999406, -27.418322520852726 ], [ -59.000960938780025, -27.418347599164854 ], [ -59.001113834470061, -27.418409957173207 ], [ -59.00127370767477, -27.418466117026284 ], [ -59.001516895240876, -27.418584528405923 ], [ -59.00175313782195, -27.418696714757864 ], [ -59.001857675691525, -27.418653412482932 ], [ -59.002128984960152, -27.418684922455373 ], [ -59.002310023535678, -27.418660378907802 ], [ -59.002421664923617, -27.418573620406164 ], [ -59.002505303272009, -27.418536497279813 ], [ -59.002645172466224, -27.418337991322662 ], [ -59.002645549748799, -27.418226203604572 ], [ -59.002604425668629, -27.418039821844044 ], [ -59.002472842881488, -27.417847074582532 ], [ -59.002317585156156, -27.417629976200203 ], [ -59.002125301117005, -27.417371089405179 ], [ -59.001938669669627, -27.41722533805876 ], [ -59.001794493138668, -27.417020402011087 ], [ -59.001530260931268, -27.416734463422891 ], [ -59.001212331463172, -27.41655210208414 ], [ -59.000963174580491, -27.416522026909814 ], [ -59.000564415451798, -27.416506531388958 ], [ -59.000348586668132, -27.416446846496626 ], [ -58.999974935237631, -27.416379486313886 ], [ -58.999775523626035, -27.416379150437997 ], [ -58.999526115122492, -27.416423215525374 ], [ -58.999284939942662, -27.416489543751076 ], [ -58.999052244820433, -27.416503977874619 ], [ -58.998869100888292, -27.416607469885722 ], [ -58.998627772490764, -27.416718282440129 ], [ -58.99832820154483, -27.41685123615391 ], [ -58.998111675985825, -27.416999162476792 ], [ -58.997920395840517, -27.417050740350383 ], [ -58.997845394121029, -27.417139899908307 ], [ -58.997647459886288, -27.417279311755014 ], [ -58.99745628196716, -27.417436963560245 ], [ -58.997237984703581, -27.417558114305955 ], [ -58.997115096595266, -27.417655116169776 ], [ -58.996937732708489, -27.417752030093411 ], [ -58.996842115787814, -27.417836934999272 ], [ -58.996658099071603, -27.417891300228021 ], [ -58.996439883249749, -27.417988145085971 ], [ -58.996289756123815, -27.418085101713789 ], [ -58.996052219993125, -27.418026278069021 ], [ -58.995790940837004, -27.418252500460742 ], [ -58.995247064311911, -27.417992880782762 ], [ -58.994937418508705, -27.418267821713901 ], [ -58.994995904314379, -27.418360776246097 ], [ -58.99505347468606, -27.418417580868731 ], [ -58.995070692049822, -27.418448537850313 ], [ -58.995023875904302, -27.418618582041439 ], [ -58.995121486776071, -27.418788858775727 ], [ -58.99515232357323, -27.418805443605088 ], [ -58.995220247452941, -27.418941282338427 ], [ -58.995265803080976, -27.419186599760792 ], [ -58.995240385391362, -27.419310767737279 ], [ -58.995201180409879, -27.419437905275633 ], [ -58.995070841663548, -27.419645869358934 ], [ -58.994940575267194, -27.419830708047087 ], [ -58.994920914298277, -27.419894284917017 ], [ -58.994862573198503, -27.419899971493294 ], [ -58.994741656190058, -27.419993299196275 ], [ -58.998272945562505, -27.423160229914014 ], [ -58.99834426481555, -27.423224193920301 ], [ -58.999914035880735, -27.421830333768938 ], [ -59.002463430858889, -27.424116484798933 ] ] ], [ [ [ -58.994377570010002, -27.418764915075251 ], [ -58.993872266432483, -27.419213574615483 ], [ -58.994255771231167, -27.419557531846486 ], [ -58.994281798319165, -27.419490235435266 ], [ -58.994354442991686, -27.419430029492915 ], [ -58.99443440771703, -27.419346145947152 ], [ -58.994555549622255, -27.419225700473739 ], [ -58.99460896795491, -27.419139611288937 ], [ -58.994609313287171, -27.4190405116716 ], [ -58.994532457197572, -27.418928348526457 ], [ -58.994484937249574, -27.418870853683625 ], [ -58.994377570010002, -27.418764915075251 ] ] ] ] } },
{ "type": "Feature", "properties": { "Barrio": "EL BOLSON", "Municipio": "Resistencia", "ID": 323, "Área": 74895.42, "Perímetro": 1055.75 }, "geometry": { "type": "MultiPolygon", "coordinates": [ [ [ [ -58.981617187456372, -27.429879402472249 ], [ -58.9819290339682, -27.42960256346776 ], [ -58.982237807752, -27.429325602928706 ], [ -58.98279538805415, -27.428828264018868 ], [ -58.983112803403301, -27.428583474999577 ], [ -58.98351370999179, -27.428227753304494 ], [ -58.983432726749214, -27.428045090619946 ], [ -58.98342949706079, -27.427920636908748 ], [ -58.983385402344766, -27.427832460541232 ], [ -58.983363528031767, -27.427724555491181 ], [ -58.983326886446854, -27.427629760507564 ], [ -58.983314635399964, -27.427524288924133 ], [ -58.983280766502062, -27.427427209522271 ], [ -58.983227586909699, -27.427347418349363 ], [ -58.983176865748838, -27.427265312488174 ], [ -58.983125434590555, -27.427184107399764 ], [ -58.98306661360548, -27.427101863902426 ], [ -58.983003057209658, -27.427030960090281 ], [ -58.982939934849291, -27.426959822096176 ], [ -58.982899405147968, -27.426867278898005 ], [ -58.982818803443806, -27.426812786388755 ], [ -58.982704664495287, -27.426723198086442 ], [ -58.982425619385282, -27.426513201333655 ], [ -58.982297248102867, -27.426416501972671 ], [ -58.982120612096416, -27.426328591871346 ], [ -58.981821111822939, -27.426285550067771 ], [ -58.981394458374901, -27.426426756458778 ], [ -58.98107776542097, -27.426658466344268 ], [ -58.980970225388901, -27.426753922363286 ], [ -58.980907088808571, -27.426825239950222 ], [ -58.980842527992998, -27.426895268447549 ], [ -58.980777972085107, -27.426965304167414 ], [ -58.980713412033893, -27.427035341629487 ], [ -58.980641648023933, -27.427124497025659 ], [ -58.980584061771651, -27.427251970140251 ], [ -58.980490764335897, -27.427387833858862 ], [ -58.980414670065663, -27.427584708317465 ], [ -58.980375894781929, -27.427758535123345 ], [ -58.980390670099375, -27.42796066005274 ], [ -58.980576175574384, -27.428416211934369 ], [ -58.980761901406325, -27.428600080712073 ], [ -58.980918873575298, -27.428715296786788 ], [ -58.981017247051845, -27.4288188887102 ], [ -58.981111318047162, -27.428926299486378 ], [ -58.981204678484943, -27.429034350194918 ], [ -58.981248648937672, -27.429156960378023 ], [ -58.981344871826529, -27.42926245567908 ], [ -58.981409203445331, -27.429397544475094 ], [ -58.981484440936249, -27.429547946586617 ], [ -58.981519594603178, -27.429635724309499 ], [ -58.981551889223496, -27.429716360606221 ], [ -58.981617187456372, -27.429879402472249 ] ] ] ] } },
{ "type": "Feature", "properties": { "Barrio": "ISLA RIO NEGRO", "Municipio": "Resistencia", "ID": 324, "Área": 241827.79, "Perímetro": 2281.32 }, "geometry": { "type": "MultiPolygon", "coordinates": [ [ [ [ -58.984116581657474, -27.427675420755431 ], [ -58.986276011889181, -27.425758482021482 ], [ -58.986322549556434, -27.42548933104888 ], [ -58.981458063937083, -27.421125941706535 ], [ -58.980586930244421, -27.421703564391549 ], [ -58.980043517098828, -27.422386115798044 ], [ -58.979811816193774, -27.422731388058409 ], [ -58.979472335277187, -27.423419276041368 ], [ -58.979487106599706, -27.423954555429138 ], [ -58.979719244475021, -27.424547629475093 ], [ -58.980157297157042, -27.425730849496293 ], [ -58.98040058207522, -27.426058191979003 ], [ -58.979861006796469, -27.426221650899826 ], [ -58.979991015398234, -27.426359891075705 ], [ -58.980521819152692, -27.426199998609505 ], [ -58.98116285966983, -27.425755727774291 ], [ -58.982068031189023, -27.425534137473139 ], [ -58.982460035560827, -27.425648552197728 ], [ -58.983009134807233, -27.425990841143626 ], [ -58.983455809024306, -27.426504401748016 ], [ -58.984116581657474, -27.427675420755431 ] ] ] ] } },
{ "type": "Feature", "properties": { "Barrio": "RIO NEGRO", "Municipio": "Resistencia", "ID": 325, "Área": 518979.55, "Perímetro": 3992.18 }, "geometry": { "type": "MultiPolygon", "coordinates": [ [ [ [ -58.975597989024486, -27.42272955453334 ], [ -58.974941982708465, -27.423320334157445 ], [ -58.974802437496088, -27.42351717385872 ], [ -58.974180484535943, -27.424077658825716 ], [ -58.974059032641804, -27.42416152998198 ], [ -58.97352594659651, -27.424634707448678 ], [ -58.972725697076861, -27.42534644976195 ], [ -58.972462895771052, -27.4255822537766 ], [ -58.973200736912105, -27.426260353014701 ], [ -58.973503512660386, -27.426073911428563 ], [ -58.973940346786769, -27.426025634554968 ], [ -58.974419575724163, -27.426166632281959 ], [ -58.97469472353928, -27.426377252254063 ], [ -58.974823245336815, -27.426510450117462 ], [ -58.97503638900168, -27.426545919254231 ], [ -58.975344705189897, -27.426828830784174 ], [ -58.975402186433612, -27.426936700009822 ], [ -58.975452818570417, -27.427017505827489 ], [ -58.975477465005461, -27.427056945050428 ], [ -58.975534515236305, -27.427147992874254 ], [ -58.975603813436209, -27.427258820180626 ], [ -58.975667002738824, -27.427359784885788 ], [ -58.975703874924321, -27.427438732598457 ], [ -58.975735418089549, -27.427507567197374 ], [ -58.975763228841096, -27.427568388478853 ], [ -58.975775263850593, -27.427646961456432 ], [ -58.975813931607433, -27.427761149555142 ], [ -58.975849455567726, -27.427858115567322 ], [ -58.975895314696558, -27.427956733027777 ], [ -58.975934825175635, -27.428041648419807 ], [ -58.976107099222631, -27.427984650478088 ], [ -58.976138860150471, -27.428033980278155 ], [ -58.97620217775853, -27.428184714438647 ], [ -58.976587553134692, -27.429102138507385 ], [ -58.976972056814979, -27.430020224673527 ], [ -58.976853536733749, -27.430285437052468 ], [ -58.976960659586886, -27.430427511249523 ], [ -58.977004264469066, -27.430485105878923 ], [ -58.977605841245101, -27.430859515537637 ], [ -58.978161388079158, -27.431502387293893 ], [ -58.978222961483752, -27.431573966319995 ], [ -58.978964681904088, -27.4324309644335 ], [ -58.979359603447101, -27.432293825366511 ], [ -58.97969504018306, -27.432261789686287 ], [ -58.980211689408691, -27.432091978707589 ], [ -58.980211382736925, -27.431996274881577 ], [ -58.980185952945554, -27.431914900778281 ], [ -58.980141436951364, -27.431775966235119 ], [ -58.98009954935246, -27.431674009769011 ], [ -58.980057656693198, -27.431572721902079 ], [ -58.9800157662171, -27.431470764487553 ], [ -58.979973872744118, -27.431369471175522 ], [ -58.979931985366946, -27.431267522782285 ], [ -58.979890096086649, -27.43116622947592 ], [ -58.979801668100812, -27.430951070500743 ], [ -58.979756535327631, -27.430816943604224 ], [ -58.980045165779551, -27.430733408650124 ], [ -58.980746545492437, -27.43050349111703 ], [ -58.980888926567225, -27.430456807361004 ], [ -58.981223929119352, -27.430354878699909 ], [ -58.980714264874415, -27.429625481438865 ], [ -58.98082253928424, -27.429576587462513 ], [ -58.98071233152919, -27.429424085751645 ], [ -58.980612640118025, -27.429469113543895 ], [ -58.980368023988937, -27.429102553229864 ], [ -58.980243652427028, -27.428992298920793 ], [ -58.979976635379195, -27.428594968692337 ], [ -58.97973737179715, -27.427426405151657 ], [ -58.980193157683232, -27.426611997199181 ], [ -58.979971614717144, -27.426362942558768 ], [ -58.979861006796469, -27.426221650899826 ], [ -58.979362663262357, -27.425691080205958 ], [ -58.979030511600975, -27.425011644538777 ], [ -58.978708727108923, -27.423629372178826 ], [ -58.979023195399961, -27.422497462365325 ], [ -58.979824129072263, -27.42146733618679 ], [ -58.980905382598884, -27.420630164322233 ], [ -58.980797492944404, -27.420533376064199 ], [ -58.980424026095136, -27.420198355105775 ], [ -58.980296876893107, -27.420084290673895 ], [ -58.97948149902075, -27.419352838393202 ], [ -58.979441024900943, -27.419352743336702 ], [ -58.979051473326507, -27.419698542735993 ], [ -58.978903369754924, -27.419830014910492 ], [ -58.978513811789391, -27.420175813572328 ], [ -58.978385994447287, -27.420289288225565 ], [ -58.9779558608192, -27.420671101597858 ], [ -58.977848323176808, -27.420766552659689 ], [ -58.977418186861392, -27.421148364253195 ], [ -58.977310651294545, -27.421243818499892 ], [ -58.976880511288897, -27.421625627404811 ], [ -58.976788743934364, -27.421705692589658 ], [ -58.976342827040192, -27.422102889196061 ], [ -58.976207830900037, -27.422222695923864 ], [ -58.975938057577764, -27.422462156268466 ], [ -58.975597989024486, -27.42272955453334 ] ] ] ] } },
{ "type": "Feature", "properties": { "Barrio": "CAMORS", "Municipio": "Resistencia", "ID": 326, "Área": 93063.7, "Perímetro": 1359.93 }, "geometry": { "type": "MultiPolygon", "coordinates": [ [ [ [ -58.97384641040491, -27.436779697971566 ], [ -58.971849514277402, -27.434988381356849 ], [ -58.971706111961616, -27.435115639524351 ], [ -58.971135578110385, -27.434603807886337 ], [ -58.970743341738164, -27.434251935389675 ], [ -58.970069333796367, -27.434850062091801 ], [ -58.970026407006138, -27.43488816813522 ], [ -58.969705396680041, -27.434600376751131 ], [ -58.969303861156796, -27.434956709310242 ], [ -58.968988364154484, -27.435236679935375 ], [ -58.969701515345555, -27.435876456091545 ], [ -58.969844147017199, -27.436004406396588 ], [ -58.970557314146234, -27.436644178420195 ], [ -58.970705345403907, -27.436773758614738 ], [ -58.97141851941209, -27.437413526411422 ], [ -58.971558645400741, -27.437539452381497 ], [ -58.972271832344866, -27.438179209718456 ], [ -58.972988872291921, -27.437542889951093 ], [ -58.973129383344052, -27.437416022513791 ], [ -58.97384641040491, -27.436779697971566 ] ] ] ] } },
{ "type": "Feature", "properties": { "Barrio": "ATLANTICO SUR", "Municipio": "Resistencia", "ID": 327, "Área": 101985.23, "Perímetro": 1385.89 }, "geometry": { "type": "MultiPolygon", "coordinates": [ [ [ [ -58.974477678770455, -27.433308300097952 ], [ -58.974330679004346, -27.433438327429336 ], [ -58.974178647131588, -27.433303149519006 ], [ -58.973526177531703, -27.43388221286585 ], [ -58.974178726324027, -27.434467585310127 ], [ -58.974283492881966, -27.434561557461237 ], [ -58.974409708960629, -27.434561658916376 ], [ -58.97451668635491, -27.434657624234578 ], [ -58.974837613630534, -27.434945514260562 ], [ -58.974944594848878, -27.435041473873866 ], [ -58.975372504289609, -27.435425321342315 ], [ -58.975961596217715, -27.434902510551165 ], [ -58.976117994471991, -27.434779710795123 ], [ -58.976834980277076, -27.434143369647249 ], [ -58.976940293215804, -27.434053714683195 ], [ -58.977657273658863, -27.433417369010982 ], [ -58.97773438007232, -27.433345438175632 ], [ -58.978092866287696, -27.433027259572182 ], [ -58.978200414993182, -27.432931805189693 ], [ -58.97830078923247, -27.432842722020034 ], [ -58.978251173472927, -27.432695851191351 ], [ -58.97820853176168, -27.432606424246824 ], [ -58.978158720963712, -27.432523362306508 ], [ -58.978094568959548, -27.432453024038114 ], [ -58.978023255957517, -27.432389052615349 ], [ -58.977966269222016, -27.432312349251578 ], [ -58.977916458732899, -27.432229287229809 ], [ -58.977859483216463, -27.432152590222568 ], [ -58.977802504810548, -27.43207588595272 ], [ -58.977738360340581, -27.43200555028799 ], [ -58.97766703970585, -27.431941582242199 ], [ -58.97761006153074, -27.43186487880029 ], [ -58.977545917336492, -27.431794539442336 ], [ -58.977481763077456, -27.431724203591411 ], [ -58.977417619036537, -27.431653865079738 ], [ -58.977411920303418, -27.431652332569154 ], [ -58.977351211879629, -27.431616434323661 ], [ -58.977335334698793, -27.431613550285064 ], [ -58.977311547551189, -27.431597889445442 ], [ -58.977300469948247, -27.431579432510127 ], [ -58.977283056178408, -27.431552455923136 ], [ -58.977251347105224, -27.431526855202677 ], [ -58.977214862094563, -27.431505486684461 ], [ -58.977195841188063, -27.431491259460287 ], [ -58.977170478955813, -27.431465672814696 ], [ -58.977148311999848, -27.431434430164582 ], [ -58.977089651356707, -27.431387485714694 ], [ -58.97708170498921, -27.431391716306713 ], [ -58.977051578757738, -27.431367534840152 ], [ -58.977038490541275, -27.431346797302766 ], [ -58.97701040956111, -27.431310727815827 ], [ -58.976983454911895, -27.431289386780719 ], [ -58.976953320946883, -27.431270875663571 ], [ -58.976918435635099, -27.431245264187478 ], [ -58.976891485923787, -27.431221087957908 ], [ -58.976885179507406, -27.43120123036152 ], [ -58.976875683713565, -27.431184196295739 ], [ -58.976848744130194, -27.431160021034902 ], [ -58.976826553523168, -27.431137281997092 ], [ -58.976815464219506, -27.431124494463088 ], [ -58.976811418346173, -27.431110091077034 ], [ -58.976488785802637, -27.431396450047799 ], [ -58.976557668685153, -27.431458059157276 ], [ -58.976501509655357, -27.431510620660337 ], [ -58.976143017005086, -27.431828793390622 ], [ -58.976018772077943, -27.431941993836642 ], [ -58.975301786227099, -27.432578337485975 ], [ -58.975194674055892, -27.432671961915879 ], [ -58.974477678770455, -27.433308300097952 ] ] ] ] } },
{ "type": "Feature", "properties": { "Barrio": "PLAN 48 VIAMUDOCH", "Municipio": "Resistencia", "ID": 328, "Área": 10937.49, "Perímetro": 420.0 }, "geometry": { "type": "MultiPolygon", "coordinates": [ [ [ [ -58.965298399982721, -27.436924218483373 ], [ -58.96454546514007, -27.437592317186699 ], [ -58.964848545383497, -27.437864227395181 ], [ -58.964955517337344, -27.437960199869067 ], [ -58.965222947142514, -27.43820011762039 ], [ -58.965285695531641, -27.438144443448401 ], [ -58.965357005533463, -27.43820842395219 ], [ -58.966047192231592, -27.437596004493667 ], [ -58.965298399982721, -27.436924218483373 ] ] ] ] } },
{ "type": "Feature", "properties": { "Barrio": "E.CIR.SU.SE.PE.FA", "Municipio": "Resistencia", "ID": 329, "Área": 12053.34, "Perímetro": 439.62 }, "geometry": { "type": "MultiPolygon", "coordinates": [ [ [ [ -58.964373318782926, -27.436091072057156 ], [ -58.964050636203481, -27.436377395297558 ], [ -58.963943425519503, -27.436470748345414 ], [ -58.963620744771468, -27.436757070543596 ], [ -58.964440843565235, -27.437492846292574 ], [ -58.964763524527946, -27.437206515909438 ], [ -58.964870736287672, -27.437113162248338 ], [ -58.965193414977662, -27.436826837108978 ], [ -58.964373318782926, -27.436091072057156 ] ] ] ] } },
{ "type": "Feature", "properties": { "Barrio": "PLAN 56 VIV, SEJCH", "Municipio": "Resistencia", "ID": 330, "Área": 19175.56, "Perímetro": 559.6 }, "geometry": { "type": "MultiPolygon", "coordinates": [ [ [ [ -58.962745528653578, -27.440902030541196 ], [ -58.961884986320293, -27.441665551472056 ], [ -58.962205902537377, -27.441953463669915 ], [ -58.962278955623958, -27.442017671668246 ], [ -58.962599870789617, -27.442305589294381 ], [ -58.962702465998966, -27.442401080624347 ], [ -58.963023393545456, -27.442688991079827 ], [ -58.963883933413904, -27.441925465914533 ], [ -58.963563008763991, -27.441637554725418 ], [ -58.963460413483467, -27.441542063115655 ], [ -58.963139498095913, -27.441254153756127 ], [ -58.963066448042177, -27.441189943517941 ], [ -58.962745528653578, -27.440902030541196 ] ] ] ] } },
{ "type": "Feature", "properties": { "Barrio": "LOS TRONCOS", "Municipio": "Resistencia", "ID": 331, "Área": 175432.28, "Perímetro": 2514.39 }, "geometry": { "type": "MultiPolygon", "coordinates": [ [ [ [ -58.965061519564699, -27.444578744276356 ], [ -58.96595791885921, -27.443783393210222 ], [ -58.966065691893334, -27.443624141214539 ], [ -58.966782792467164, -27.442987861170295 ], [ -58.966926211843891, -27.442860599632976 ], [ -58.967643312707764, -27.442224309478899 ], [ -58.967858440688957, -27.442033417952782 ], [ -58.968898216153427, -27.441110790088732 ], [ -58.967578834337679, -27.439927199513225 ], [ -58.967399559385655, -27.440086266821886 ], [ -58.966793374713461, -27.439542456356254 ], [ -58.966649956628942, -27.439669712494567 ], [ -58.966186403338547, -27.439253843821678 ], [ -58.966043771942566, -27.439125892538922 ], [ -58.965330615178438, -27.438486097907504 ], [ -58.965116676798729, -27.43829416250113 ], [ -58.96439958805302, -27.438930443914437 ], [ -58.964470897065127, -27.438994418540929 ], [ -58.964613526376183, -27.439122376795122 ], [ -58.965326688907588, -27.439762175083448 ], [ -58.965469314116788, -27.439890133359587 ], [ -58.966326722360755, -27.440656740024526 ], [ -58.966110063148534, -27.440848843260355 ], [ -58.965392881694612, -27.44148505195443 ], [ -58.965249466517477, -27.441612309261632 ], [ -58.964822636828536, -27.441231383659733 ], [ -58.96443461040348, -27.440877046157382 ], [ -58.964012949385044, -27.44049666639388 ], [ -58.96362090011322, -27.440145106720429 ], [ -58.962895888016646, -27.440774213021115 ], [ -58.963287937073602, -27.44112577470149 ], [ -58.963709597854134, -27.441506155720663 ], [ -58.964097624074213, -27.441860489793896 ], [ -58.963956072344963, -27.441989437958878 ], [ -58.963095529437254, -27.442752960833431 ], [ -58.963416448850012, -27.443040876666469 ], [ -58.963528398185069, -27.443139368752245 ], [ -58.96367103148058, -27.443267334330113 ], [ -58.963635173054243, -27.443299153578462 ], [ -58.963764818907613, -27.443415456966051 ], [ -58.96380133475482, -27.443447613281695 ], [ -58.964205707703705, -27.443810992069817 ], [ -58.964348342700887, -27.443938950671612 ], [ -58.965061519564699, -27.444578744276356 ] ] ] ] } },
{ "type": "Feature", "properties": { "Barrio": "PLAN 96 VISEJCH", "Municipio": "Resistencia", "ID": 332, "Área": 31720.27, "Perímetro": 1222.91 }, "geometry": { "type": "MultiPolygon", "coordinates": [ [ [ [ -58.965285913077089, -27.441389086128169 ], [ -58.966003006230281, -27.440752797913639 ], [ -58.965682086217051, -27.440464897868527 ], [ -58.965610768582088, -27.440400913851935 ], [ -58.965289847604751, -27.440113009313645 ], [ -58.96518287232972, -27.44001703705262 ], [ -58.964861956607578, -27.439729131597122 ], [ -58.964790639885074, -27.439665150789445 ], [ -58.964469723165145, -27.439377244450014 ], [ -58.964362750320561, -27.439281271596148 ], [ -58.964184463576224, -27.439121326598414 ], [ -58.962606619584847, -27.440521318430086 ], [ -58.962481027296093, -27.440664566265998 ], [ -58.961620488157692, -27.441428082904984 ], [ -58.961780948927675, -27.441572037604178 ], [ -58.962641491156106, -27.440808522719372 ], [ -58.962784912206111, -27.440681268166689 ], [ -58.963603127868048, -27.439955282124622 ], [ -58.963752626672154, -27.440013518552671 ], [ -58.96407354016376, -27.440301432810966 ], [ -58.964144856915162, -27.440365407663798 ], [ -58.964465779522151, -27.440653321113327 ], [ -58.964572746720513, -27.44074928753998 ], [ -58.964893674582832, -27.441037200072316 ], [ -58.964964986178742, -27.441101178088985 ], [ -58.965285913077089, -27.441389086128169 ] ] ] ] } },
{ "type": "Feature", "properties": { "Barrio": "ALTABE", "Municipio": "Resistencia", "ID": 333, "Área": 170626.59, "Perímetro": 1839.62 }, "geometry": { "type": "MultiPolygon", "coordinates": [ [ [ [ -58.968898213119481, -27.441110790066283 ], [ -58.970188946890872, -27.439965436578287 ], [ -58.970224601472282, -27.439997524416825 ], [ -58.970332164550889, -27.439901985441541 ], [ -58.970475575892671, -27.439774717265585 ], [ -58.971191200643965, -27.439139680004939 ], [ -58.971334608869398, -27.439012425306036 ], [ -58.972051660648525, -27.438376104424346 ], [ -58.971338479854225, -27.437736346023097 ], [ -58.971202150724451, -27.43760832552141 ], [ -58.970488973755103, -27.436968556612275 ], [ -58.970340036775781, -27.436840672247783 ], [ -58.969626869705969, -27.436200900031828 ], [ -58.969484238106531, -27.436072943191789 ], [ -58.968771229367022, -27.435433297836465 ], [ -58.968054180032013, -27.436069595797193 ], [ -58.967910770986535, -27.436196856189092 ], [ -58.966942744800747, -27.437055854213536 ], [ -58.967655894159257, -27.437695639762936 ], [ -58.967804449100583, -27.437819689095253 ], [ -58.968155108301069, -27.438143482828732 ], [ -58.967939982583403, -27.438334368779227 ], [ -58.967957817767115, -27.4383503706269 ], [ -58.967563429932056, -27.438700332971131 ], [ -58.96742130524305, -27.43882618825522 ], [ -58.96670422880328, -27.43946248087321 ], [ -58.966793374713461, -27.439542456356254 ], [ -58.967399559385655, -27.440086266821886 ], [ -58.967578837346423, -27.439927202242565 ], [ -58.968149372948638, -27.440439023940861 ], [ -58.968898213119481, -27.441110790066283 ] ] ] ] } },
{ "type": "Feature", "properties": { "Barrio": "FYRNYS", "Municipio": "Resistencia", "ID": 334, "Área": 230702.49, "Perímetro": 2122.67 }, "geometry": { "type": "MultiPolygon", "coordinates": [ [ [ [ -58.958144010143869, -27.438308955216389 ], [ -58.958500564547052, -27.438628872573005 ], [ -58.958607528552108, -27.43872484614635 ], [ -58.958964082654255, -27.43904475603372 ], [ -58.959071051523495, -27.439140727493541 ], [ -58.960194218898152, -27.440148448686507 ], [ -58.960337644847598, -27.440021194011379 ], [ -58.960915279421833, -27.440539448414782 ], [ -58.961417261145499, -27.440094064980684 ], [ -58.961667789037655, -27.440318848254297 ], [ -58.961021454651018, -27.440890639283879 ], [ -58.961620488157692, -27.441428082904984 ], [ -58.962481027296093, -27.440664566265998 ], [ -58.962606622644095, -27.440521315745801 ], [ -58.964184463576224, -27.439121326598414 ], [ -58.964399591086924, -27.438930443936986 ], [ -58.965080813378101, -27.438325979440464 ], [ -58.964866878836062, -27.438134037373196 ], [ -58.964759909807462, -27.438038067560512 ], [ -58.964403337585765, -27.437718169348898 ], [ -58.963939800796943, -27.437302302568682 ], [ -58.963832833372372, -27.437206332077427 ], [ -58.96347626649748, -27.436886431603881 ], [ -58.963368005398834, -27.436791862429466 ], [ -58.963011445241847, -27.43647196085189 ], [ -58.962904476412604, -27.436375986951681 ], [ -58.962547914883771, -27.436056084213206 ], [ -58.962440949864984, -27.435960112703263 ], [ -58.962063747797217, -27.435634132917471 ], [ -58.961977427778471, -27.435544239699297 ], [ -58.961620871596011, -27.435224334699395 ], [ -58.960939643598756, -27.435828782496596 ], [ -58.959542600384978, -27.437068080327414 ], [ -58.958825274670957, -27.437704522192934 ], [ -58.958717705042204, -27.437799960966725 ], [ -58.958144010143869, -27.438308955216389 ] ] ] ] } },
{ "type": "Feature", "properties": { "Barrio": "PLAN 17 VIVIENDAS", "Municipio": "Resistencia", "ID": 335, "Área": 4775.93, "Perímetro": 412.13 }, "geometry": { "type": "MultiPolygon", "coordinates": [ [ [ [ -58.961021454651018, -27.440890639283879 ], [ -58.961667789037655, -27.440318848254297 ], [ -58.961417261145499, -27.440094064980684 ], [ -58.960915279421833, -27.440539448414782 ], [ -58.960337644847598, -27.440021194011379 ], [ -58.960194221957465, -27.440148446002258 ], [ -58.961021454651018, -27.440890639283879 ] ] ] ] } },
{ "type": "Feature", "properties": { "Barrio": "PLAN 23 VIVIENDAS MUJERES ARGENTINAS", "Municipio": "Resistencia", "ID": 336, "Área": 3765.58, "Perímetro": 257.36 }, "geometry": { "type": "MultiPolygon", "coordinates": [ [ [ [ -58.946775628391201, -27.466841736580829 ], [ -58.946452610863034, -27.467127835666535 ], [ -58.947049064605359, -27.467663624637396 ], [ -58.947372076158217, -27.467377526851113 ], [ -58.946775628391201, -27.466841736580829 ] ] ] ] } },
{ "type": "Feature", "properties": { "Barrio": "MUJERES ARGENTINAS", "Municipio": "Resistencia", "ID": 337, "Área": 396435.64, "Perímetro": 3509.43 }, "geometry": { "type": "MultiPolygon", "coordinates": [ [ [ [ -58.945621000202024, -27.461889518635719 ], [ -58.945727903228544, -27.461985438398031 ], [ -58.945489028018251, -27.462197287476648 ], [ -58.945481902664135, -27.462190889098022 ], [ -58.944968064305634, -27.462646576970993 ], [ -58.945010817896211, -27.462684919579353 ], [ -58.943748239808791, -27.463804569771405 ], [ -58.944639765752441, -27.464604492765567 ], [ -58.944962580616071, -27.464318219335492 ], [ -58.946963115746769, -27.466119690843538 ], [ -58.94659661987415, -27.466444703848502 ], [ -58.948880520861245, -27.468500490766878 ], [ -58.950347689485056, -27.464491879511854 ], [ -58.950794631317606, -27.463747006425518 ], [ -58.951320149649703, -27.463166992859101 ], [ -58.951920682955389, -27.462687983356862 ], [ -58.950810608364534, -27.461125885805984 ], [ -58.950431826456786, -27.460597321810472 ], [ -58.949762816649368, -27.460118416752284 ], [ -58.949082216928488, -27.459730212991825 ], [ -58.948604848568792, -27.459403018819561 ], [ -58.946550701441048, -27.461255744561811 ], [ -58.947045324230395, -27.461697541180612 ], [ -58.946603284307159, -27.462089569575234 ], [ -58.946002287902985, -27.461550335481647 ], [ -58.945621000202024, -27.461889518635719 ] ] ], [ [ [ -58.948231738638263, -27.468144745405123 ], [ -58.947518951773311, -27.467504474292813 ], [ -58.947195937085581, -27.467790581414899 ], [ -58.947088288547242, -27.467885759455591 ], [ -58.946943774986401, -27.467756375939647 ], [ -58.94634645187611, -27.46722052490308 ], [ -58.946129337340516, -27.46741301974382 ], [ -58.946562485558381, -27.467990414674659 ], [ -58.946620421108889, -27.468042387967987 ], [ -58.946765267649624, -27.468171859153944 ], [ -58.947478051145353, -27.468812134039908 ], [ -58.947801072185989, -27.468526032714347 ], [ -58.947908720772993, -27.468430854131434 ], [ -58.948231738638263, -27.468144745405123 ] ] ] ] } },
{ "type": "Feature", "properties": { "Barrio": "PLAN 58 VIVIENDAS", "Municipio": "Resistencia", "ID": 338, "Área": 14036.39, "Perímetro": 745.06 }, "geometry": { "type": "MultiPolygon", "coordinates": [ [ [ [ -58.948153964467025, -27.46865596184508 ], [ -58.948283173659583, -27.468541518241555 ], [ -58.948140615887858, -27.46841346362525 ], [ -58.948011406698157, -27.468527908000912 ], [ -58.947583606509752, -27.468908711812084 ], [ -58.947967950493705, -27.469253944318279 ], [ -58.947994581407869, -27.46938769782145 ], [ -58.947732648777205, -27.470080605543803 ], [ -58.947667857341095, -27.470251565938881 ], [ -58.94743785718137, -27.470858475825175 ], [ -58.947470313952941, -27.471144477251951 ], [ -58.947775164171013, -27.471236393743045 ], [ -58.948099111508377, -27.470381588512094 ], [ -58.948163902369075, -27.470210627902873 ], [ -58.948484205414424, -27.469363300650784 ], [ -58.948527309269238, -27.469252050579065 ], [ -58.948553572114704, -27.469173536908322 ], [ -58.948499276226194, -27.469147008375074 ], [ -58.948419837128966, -27.469083596776503 ], [ -58.948049184387202, -27.468750657871915 ], [ -58.948153964467025, -27.46865596184508 ] ] ] ] } },
{ "type": "Feature", "properties": { "Barrio": "LA CALIFORNIA", "Municipio": "Resistencia", "ID": 339, "Área": 196421.24, "Perímetro": 1907.94 }, "geometry": { "type": "MultiPolygon", "coordinates": [ [ [ [ -58.951042739552697, -27.419120113768358 ], [ -58.95209448093317, -27.420064030767232 ], [ -58.952181767275697, -27.420113408703568 ], [ -58.954465723194325, -27.420388433110244 ], [ -58.954499861091698, -27.420360636656611 ], [ -58.954498119296026, -27.420246771391156 ], [ -58.954669402721386, -27.420245483218228 ], [ -58.956087930065813, -27.420379428766921 ], [ -58.956576201559848, -27.419956547920393 ], [ -58.957603121573584, -27.419710012609411 ], [ -58.957761317557875, -27.419625232271713 ], [ -58.958211906339343, -27.419232769165262 ], [ -58.958477709072525, -27.419471293873464 ], [ -58.958547265768296, -27.419456418377592 ], [ -58.954627799818944, -27.41593899983377 ], [ -58.951042739552697, -27.419120113768358 ] ] ] ] } },
{ "type": "Feature", "properties": { "Barrio": "LA RIBERA", "Municipio": "Resistencia", "ID": 340, "Área": 250775.1, "Perímetro": 3224.5 }, "geometry": { "type": "MultiPolygon", "coordinates": [ [ [ [ -58.961977582551874, -27.424118790174024 ], [ -58.962144826748244, -27.424407382325114 ], [ -58.96248908553639, -27.424698289930422 ], [ -58.962741338004847, -27.424911438998439 ], [ -58.962831332626294, -27.424963671181033 ], [ -58.963221286836614, -27.425495025447479 ], [ -58.963330142431353, -27.425643339907577 ], [ -58.963443979894073, -27.425798457212434 ], [ -58.963523609438191, -27.425984076935762 ], [ -58.963612048214401, -27.42619027631789 ], [ -58.963643230802113, -27.426262982844431 ], [ -58.963654150820751, -27.426372849407297 ], [ -58.963675344696377, -27.426585978779652 ], [ -58.963696151129874, -27.426795230539028 ], [ -58.963702270758333, -27.426856798793899 ], [ -58.96365552932857, -27.427007121568867 ], [ -58.963588213935722, -27.427223579447901 ], [ -58.963528541398929, -27.427415457042695 ], [ -58.963488079119756, -27.427545564892704 ], [ -58.963435926873913, -27.427637198593004 ], [ -58.963307629402529, -27.428068090218993 ], [ -58.963193157609652, -27.428268903040738 ], [ -58.963159488989987, -27.428403917789534 ], [ -58.963122255007534, -27.428553276948431 ], [ -58.963075933296309, -27.428753644624781 ], [ -58.96296518805979, -27.429198574430327 ], [ -58.963665496887039, -27.429840595915479 ], [ -58.964018411436918, -27.430164657364468 ], [ -58.964946163541946, -27.431016547726212 ], [ -58.965228780318448, -27.431276054629755 ], [ -58.96519056296858, -27.431103784238189 ], [ -58.965062698075762, -27.430915507185389 ], [ -58.964648372270645, -27.430305324671522 ], [ -58.964458978707682, -27.429867442760365 ], [ -58.964588959801709, -27.429616799555589 ], [ -58.964905596426497, -27.429505582516786 ], [ -58.965398636395904, -27.430060452083527 ], [ -58.965670018014052, -27.429937349910073 ], [ -58.966090778970774, -27.430026337480804 ], [ -58.966146543775515, -27.430045071713778 ], [ -58.966432367746037, -27.430025008033173 ], [ -58.966915419467377, -27.430155220874564 ], [ -58.968219379748092, -27.429024530294768 ], [ -58.968580663439568, -27.428713299995636 ], [ -58.96827384162124, -27.428643010285292 ], [ -58.968062751874491, -27.4285946449656 ], [ -58.967748221079994, -27.428522584358273 ], [ -58.967498940141446, -27.428506927365962 ], [ -58.967298092247866, -27.428494307890642 ], [ -58.967130919315018, -27.428483805558145 ], [ -58.966963770689631, -27.428473303205816 ], [ -58.966796683794577, -27.428462800208834 ], [ -58.966634832188895, -27.428452634507121 ], [ -58.966462866780716, -27.428441827843713 ], [ -58.966312038773474, -27.428432351699435 ], [ -58.966284201604658, -27.428430600410955 ], [ -58.96617137526755, -27.428396695776382 ], [ -58.966028259311109, -27.428353681739779 ], [ -58.965848948239241, -27.428299794498432 ], [ -58.96563509504562, -27.428235526235973 ], [ -58.965510461656152, -27.428099414502899 ], [ -58.965405687856162, -27.427984997481413 ], [ -58.965302595111467, -27.427872412016587 ], [ -58.965205595070962, -27.427766483287833 ], [ -58.965156648673961, -27.427713027860356 ], [ -58.965119898288506, -27.427640800077803 ], [ -58.965037859444095, -27.427479548663285 ], [ -58.964941385692192, -27.427289929962733 ], [ -58.96489196140444, -27.427018748156161 ], [ -58.964902574482288, -27.426870431488275 ], [ -58.964920745047067, -27.426828331556443 ], [ -58.965012855479614, -27.426627285271501 ], [ -58.965098517320222, -27.426434316769758 ], [ -58.965177033995509, -27.426257438345566 ], [ -58.965210087123381, -27.426182998252088 ], [ -58.965295504460329, -27.425990580933853 ], [ -58.965370110678073, -27.425822523678942 ], [ -58.965426785000105, -27.425694847364792 ], [ -58.965447850207525, -27.42565590994295 ], [ -58.965535934768418, -27.425493068988885 ], [ -58.965624024128715, -27.425330227103462 ], [ -58.965712108227123, -27.42516737879788 ], [ -58.96580019303817, -27.425004534042436 ], [ -58.965888280592615, -27.424841691949762 ], [ -58.965919585106676, -27.424783235693393 ], [ -58.966080038713471, -27.424531244878576 ], [ -58.966188407747417, -27.424366238450649 ], [ -58.966292105095299, -27.424205191123676 ], [ -58.966376213469538, -27.42407455773516 ], [ -58.966686778659103, -27.423661852847609 ], [ -58.966775535847859, -27.423504052046123 ], [ -58.966797263333838, -27.423458289345781 ], [ -58.96690660519522, -27.42315332462713 ], [ -58.966948188267885, -27.423037335887141 ], [ -58.966941632105268, -27.422913404259322 ], [ -58.966925972890913, -27.422617696199246 ], [ -58.966819919609016, -27.422425136393297 ], [ -58.966760252127301, -27.422327423471973 ], [ -58.966606381211434, -27.422264866550023 ], [ -58.966526846330332, -27.422266460638522 ], [ -58.966097870174998, -27.422275140309267 ], [ -58.965805704403692, -27.422366752529673 ], [ -58.965582143037047, -27.422437334819378 ], [ -58.965391512619426, -27.422497622508931 ], [ -58.965299967142506, -27.422526574697311 ], [ -58.965248596885395, -27.422556010028782 ], [ -58.9651044125307, -27.422638628039213 ], [ -58.964938500989099, -27.42273370585896 ], [ -58.964728948226977, -27.422853793088322 ], [ -58.964601224552524, -27.422940772988259 ], [ -58.964325195589879, -27.423005549348659 ], [ -58.964094272346259, -27.423059120994886 ], [ -58.963861381829709, -27.423113150466705 ], [ -58.963672976126162, -27.423156861533677 ], [ -58.963560695198353, -27.423178052424074 ], [ -58.963246232502982, -27.423237412755146 ], [ -58.963004673901146, -27.423283012352041 ], [ -58.962834754393128, -27.423315081310694 ], [ -58.962770825257387, -27.423327144811285 ], [ -58.962676888219747, -27.423391663746312 ], [ -58.96246351294149, -27.423538200538914 ], [ -58.962052439410826, -27.423820503786931 ], [ -58.961977582551874, -27.424118790174024 ] ] ] ] } },
{ "type": "Feature", "properties": { "Barrio": "DON SANTIAGO", "Municipio": "Resistencia", "ID": 341, "Área": 556988.08, "Perímetro": 8321.32 }, "geometry": { "type": "MultiPolygon", "coordinates": [ [ [ [ -58.991809872707535, -27.402355663406407 ], [ -58.991809587063905, -27.402355944684341 ], [ -58.991846348637615, -27.402371301578405 ], [ -58.995458461080673, -27.401241752269012 ], [ -58.994970321042778, -27.400005518604761 ], [ -58.993920929333406, -27.400334086312608 ], [ -58.993742702715259, -27.40037836919641 ], [ -58.993687930183476, -27.400258971801335 ], [ -58.993058686864039, -27.398711389960408 ], [ -58.993284775870173, -27.398659212036531 ], [ -58.994289599493662, -27.398358228595249 ], [ -58.994307618087575, -27.398325892271782 ], [ -58.99335277577611, -27.395888594350474 ], [ -58.992877880775652, -27.396298868992741 ], [ -58.992369995359958, -27.396789907232058 ], [ -58.992050219047442, -27.397070056468085 ], [ -58.991329010263669, -27.397628258812482 ], [ -58.991089561474652, -27.39771904485443 ], [ -58.990935825351755, -27.397788942670562 ], [ -58.990963736737882, -27.39784786694738 ], [ -58.990755834945212, -27.398230010898271 ], [ -58.990744843042656, -27.398411813121733 ], [ -58.990751757444762, -27.398547929987792 ], [ -58.990418149048189, -27.398818886518871 ], [ -58.991809872707535, -27.402355663406407 ] ] ], [ [ [ -58.997421742523031, -27.40074687174581 ], [ -58.991716684251593, -27.402533675248701 ], [ -58.994837283218253, -27.405332738358826 ], [ -58.99808939807145, -27.40244516419904 ], [ -58.997421742523031, -27.40074687174581 ] ] ], [ [ [ -58.997386069737978, -27.400647464181262 ], [ -58.995545825407362, -27.39596424820801 ], [ -58.995402748289528, -27.396009081565563 ], [ -58.994841003294255, -27.394580766982834 ], [ -58.9935148719713, -27.395758490440095 ], [ -58.993777252403596, -27.396425651306849 ], [ -58.994320966724381, -27.396255297382829 ], [ -58.994688291200397, -27.397189291321737 ], [ -58.994144572767141, -27.397359647449509 ], [ -58.994373846169829, -27.397938104955511 ], [ -58.994917106723022, -27.397766564401614 ], [ -58.995092438258354, -27.398208917969601 ], [ -58.994549178799481, -27.39838045916661 ], [ -58.994579872064008, -27.398466473800806 ], [ -58.993335015178381, -27.398856470928067 ], [ -58.993869377168046, -27.400218548172006 ], [ -58.995061870120892, -27.399845187972069 ], [ -58.995597325094977, -27.401207527577437 ], [ -58.997386069737978, -27.400647464181262 ] ] ], [ [ [ -58.990484600247513, -27.39687968700504 ], [ -58.987935027082308, -27.399138974326078 ], [ -58.989819530421656, -27.400827796556758 ], [ -58.990155154813586, -27.400689048302556 ], [ -58.99000446339474, -27.400241414423558 ], [ -58.989984495501893, -27.400056927393329 ], [ -58.989963719028822, -27.399782222315281 ], [ -58.989934457050133, -27.39940310081138 ], [ -58.989914467742182, -27.399166275494274 ], [ -58.989994757524997, -27.398580849842556 ], [ -58.990132109714324, -27.398295948725846 ], [ -58.990214268047325, -27.398127487111719 ], [ -58.990601327911335, -27.39742707764567 ], [ -58.990484600247513, -27.39687968700504 ] ] ], [ [ [ -58.994506602376497, -27.393321919306782 ], [ -58.991868020064338, -27.395665227293449 ], [ -58.992598782918876, -27.396320208681676 ], [ -58.994886896218496, -27.394288902212782 ], [ -58.994506602376497, -27.393321919306782 ] ] ], [ [ [ -58.991438029570453, -27.396047092847262 ], [ -58.991223033774041, -27.396238019227997 ], [ -58.991954074180278, -27.396893249588317 ], [ -58.992168902490235, -27.396702740488188 ], [ -58.991438029570453, -27.396047092847262 ] ] ] ] } },
{ "type": "Feature", "properties": { "Barrio": "JUANA AZURDUY", "Municipio": "Resistencia", "ID": 342, "Área": 703036.69, "Perímetro": 7732.05 }, "geometry": { "type": "MultiPolygon", "coordinates": [ [ [ [ -58.990248082599003, -27.409464079944531 ], [ -58.994626563146916, -27.405576105197397 ], [ -58.992357542094467, -27.403540798752296 ], [ -58.989849043590233, -27.405768299222078 ], [ -58.98928356698061, -27.405261036355856 ], [ -58.991792060609548, -27.403033548573681 ], [ -58.991226587296744, -27.402526298934092 ], [ -58.98517226585421, -27.407902143476694 ], [ -58.986167139777415, -27.40802812919695 ], [ -58.987087207898171, -27.408220592116962 ], [ -58.98794369823856, -27.408469477165127 ], [ -58.988744137194551, -27.408768125613374 ], [ -58.98949684414486, -27.409109151507653 ], [ -58.990248082599003, -27.409464079944531 ] ] ], [ [ [ -58.983529505133639, -27.403050498948449 ], [ -58.979983303565334, -27.4061989825741 ], [ -58.981955736727571, -27.407968561495661 ], [ -58.984613192129402, -27.407793771405306 ], [ -58.98495273643465, -27.407810506973181 ], [ -58.988240819976994, -27.404891001790805 ], [ -58.984866217719187, -27.401863627469936 ], [ -58.984305369996285, -27.402361606223305 ], [ -58.986872353821141, -27.404664487114381 ], [ -58.987307741052085, -27.405053711503282 ], [ -58.986524561781863, -27.405738522222538 ], [ -58.983529505133639, -27.403050498948449 ] ] ], [ [ [ -58.987754501357202, -27.399298986476452 ], [ -58.985642073081856, -27.401174726792487 ], [ -58.989016683945955, -27.404202079080179 ], [ -58.991129116288143, -27.402326288462891 ], [ -58.987754501357202, -27.399298986476452 ] ] ] ] } },
{ "type": "Feature", "properties": { "Barrio": "FABIANA", "Municipio": "Resistencia", "ID": 343, "Área": 1028755.99, "Perímetro": 4945.82 }, "geometry": { "type": "MultiPolygon", "coordinates": [ [ [ [ -58.943609865778761, -27.438096201057636 ], [ -58.949878729042659, -27.432536202972358 ], [ -58.949764704235534, -27.43197366847194 ], [ -58.94976716560145, -27.431208027141061 ], [ -58.949659785339414, -27.431053537858677 ], [ -58.948314527322694, -27.42985391441681 ], [ -58.947259996107107, -27.428906416932556 ], [ -58.945579592350178, -27.427393818833998 ], [ -58.945403701165674, -27.42729195768953 ], [ -58.944690748852736, -27.426652068201214 ], [ -58.940927603458903, -27.428134737129124 ], [ -58.940613323960349, -27.428094432746494 ], [ -58.934944794689329, -27.430326836567311 ], [ -58.936511301757598, -27.431732978744947 ], [ -58.936724202901395, -27.431868818219808 ], [ -58.937437140266724, -27.432508747642515 ], [ -58.937549514364775, -27.432656925182837 ], [ -58.943609865778761, -27.438096201057636 ] ] ], [ [ [ -58.950025795478297, -27.43275590830001 ], [ -58.947847192240339, -27.434688740863759 ], [ -58.947780745281896, -27.435103837339401 ], [ -58.948266826488137, -27.434979065552891 ], [ -58.948602115377078, -27.435006069228837 ], [ -58.949004215157693, -27.435102437354008 ], [ -58.949226610983345, -27.435036314224405 ], [ -58.949600935151643, -27.435098940616264 ], [ -58.949700282194634, -27.435076611688579 ], [ -58.949534766829125, -27.434928046659756 ], [ -58.949875765747493, -27.434850146483988 ], [ -58.949853921694505, -27.434830206778493 ], [ -58.950394720122517, -27.434793336620096 ], [ -58.950588154090717, -27.434774909084368 ], [ -58.950757844351102, -27.434773346187697 ], [ -58.950909531645671, -27.434630749381334 ], [ -58.950786133458521, -27.434368770069231 ], [ -58.950586476998367, -27.433866127804173 ], [ -58.950407850466775, -27.433398237216206 ], [ -58.950025795478297, -27.43275590830001 ] ] ] ] } },
{ "type": "Feature", "properties": { "Barrio": "RIO MANSO", "Municipio": "Resistencia", "ID": 344, "Área": 45385.6, "Perímetro": 1001.88 }, "geometry": { "type": "MultiPolygon", "coordinates": [ [ [ [ -58.952984023186957, -27.423377016117399 ], [ -58.952835970213329, -27.423437220034621 ], [ -58.952687035065729, -27.423490589031793 ], [ -58.952972432204234, -27.42374657667331 ], [ -58.952079330161673, -27.424538986846937 ], [ -58.954425106328294, -27.426644763992275 ], [ -58.95446279340549, -27.426306343625463 ], [ -58.954571743786367, -27.426157632237814 ], [ -58.954594374848519, -27.425837131569239 ], [ -58.954647242442796, -27.425713165293885 ], [ -58.954754445584726, -27.425587751206283 ], [ -58.954985014841384, -27.425446793956834 ], [ -58.955137897842171, -27.425305840535255 ], [ -58.955028639150697, -27.425209502542195 ], [ -58.952984023186957, -27.423377016117399 ] ] ] ] } },
{ "type": "Feature", "properties": { "Barrio": "CAMILA", "Municipio": "Resistencia", "ID": 345, "Área": 61161.33, "Perímetro": 1412.21 }, "geometry": { "type": "MultiPolygon", "coordinates": [ [ [ [ -58.946741373391433, -27.428042540191456 ], [ -58.949710386600415, -27.430734593808733 ], [ -58.949968456634139, -27.429961404483414 ], [ -58.950034180356155, -27.429764062760189 ], [ -58.950134361639392, -27.429463843155869 ], [ -58.950084669949888, -27.428631776090771 ], [ -58.950068611495681, -27.428360652545535 ], [ -58.950287705793833, -27.427957400554117 ], [ -58.950569650196847, -27.427715437383164 ], [ -58.950964434802863, -27.427516922225411 ], [ -58.95073644009851, -27.42731249641561 ], [ -58.950427429158687, -27.427587127161637 ], [ -58.950391877228355, -27.42755505051171 ], [ -58.949777070318113, -27.428097612246187 ], [ -58.949633272554358, -27.428224513336328 ], [ -58.948866205882879, -27.427529137245823 ], [ -58.94806487724599, -27.428236285358587 ], [ -58.947303590976318, -27.427543769765396 ], [ -58.946741373391433, -27.428042540191456 ] ] ] ] } },
{ "type": "Feature", "properties": { "Barrio": "C.U.R.N.E.", "Municipio": "Resistencia", "ID": 346, "Área": 239770.25, "Perímetro": 2083.88 }, "geometry": { "type": "MultiPolygon", "coordinates": [ [ [ [ -58.925656964333442, -27.435090558016956 ], [ -58.920456469875617, -27.439701985339447 ], [ -58.921782457972405, -27.440892403818307 ], [ -58.921974892551482, -27.440976199650276 ], [ -58.922290108456416, -27.441084709205327 ], [ -58.922640724983133, -27.441190444551303 ], [ -58.923004491242466, -27.441319503527037 ], [ -58.923371076337631, -27.441481043557353 ], [ -58.924623320616448, -27.440370666295564 ], [ -58.924569853441788, -27.44032267274843 ], [ -58.928048759561889, -27.437237702118381 ], [ -58.925656964333442, -27.435090558016956 ] ] ] ] } },
{ "type": "Feature", "properties": { "Barrio": "SAN DIEGO", "Municipio": "Resistencia", "ID": 347, "Área": 138224.86, "Perímetro": 1540.0 }, "geometry": { "type": "MultiPolygon", "coordinates": [ [ [ [ -58.949576177674778, -27.411592228030106 ], [ -58.946098673221968, -27.414677777936078 ], [ -58.948130427399533, -27.416501439876434 ], [ -58.951607933006315, -27.413415845491471 ], [ -58.949576177674778, -27.411592228030106 ] ] ] ] } },
{ "type": "Feature", "properties": { "Barrio": "PLAN 70 VIVIENDAS", "Municipio": "Resistencia", "ID": 348, "Área": 25892.89, "Perímetro": 649.9 }, "geometry": { "type": "MultiPolygon", "coordinates": [ [ [ [ -58.964575040822275, -27.403810914646602 ], [ -58.963571438232137, -27.404701716707152 ], [ -58.964890010438943, -27.405885010802709 ], [ -58.965893612745717, -27.404994204810148 ], [ -58.964575040822275, -27.403810914646602 ] ] ] ] } },
{ "type": "Feature", "properties": { "Barrio": "100 VIVIENDAS", "Municipio": "Resistencia", "ID": 349, "Área": 59478.35, "Perímetro": 1433.64 }, "geometry": { "type": "MultiPolygon", "coordinates": [ [ [ [ -59.024780717940899, -27.455241562246346 ], [ -59.025825041695569, -27.454314167671225 ], [ -59.023998390309657, -27.452687939195073 ], [ -59.022966977279488, -27.453603859677457 ], [ -59.024780717940899, -27.455241562246346 ] ] ], [ [ [ -59.023194835297716, -27.450321026117464 ], [ -59.022419869892815, -27.451006790208648 ], [ -59.023914041805298, -27.452343536572453 ], [ -59.024685799350735, -27.451658229113178 ], [ -59.023194835297716, -27.450321026117464 ] ] ] ] } },
{ "type": "Feature", "properties": { "Barrio": "TOBA", "Municipio": "Resistencia", "ID": 350, "Área": 50218.48, "Perímetro": 2227.85 }, "geometry": { "type": "MultiPolygon", "coordinates": [ [ [ [ -59.00228313278803, -27.43476510085523 ], [ -59.002622683552985, -27.434174090429284 ], [ -59.002782547827721, -27.433873883013923 ], [ -59.003042069284277, -27.433464730427605 ], [ -59.003077941527771, -27.433411544567431 ], [ -59.003113481581742, -27.433360096077397 ], [ -59.003153023625359, -27.433300631632893 ], [ -59.003190192678552, -27.433245712552509 ], [ -59.003227369735797, -27.433190798932504 ], [ -59.00326550923868, -27.433134454719834 ], [ -59.003309801881812, -27.433084944785559 ], [ -59.00339862417313, -27.43298711046716 ], [ -59.003492654758858, -27.432893875678456 ], [ -59.003585958812138, -27.43280078090811 ], [ -59.003688431930215, -27.432701085859705 ], [ -59.003777762917636, -27.432621764200483 ], [ -59.003876140697983, -27.432535493972381 ], [ -59.003976757691575, -27.432451216752547 ], [ -59.004077511125402, -27.43236681951435 ], [ -59.004255866573253, -27.432236448984707 ], [ -59.004312890302494, -27.43219669217935 ], [ -59.004421116010946, -27.43212095480925 ], [ -59.004529337535821, -27.432045216419169 ], [ -59.00463755278988, -27.431969484213088 ], [ -59.004745767945835, -27.431893746504407 ], [ -59.004853989030686, -27.431818007847959 ], [ -59.004962203869034, -27.431742272668615 ], [ -59.005070424652459, -27.431666534736884 ], [ -59.005174948927049, -27.431593281610766 ], [ -59.005286859671365, -27.43151506307527 ], [ -59.005394877765752, -27.431439097842873 ], [ -59.005503294152135, -27.431363585644714 ], [ -59.005612512761786, -27.431286786896862 ], [ -59.006406990706111, -27.430725342408905 ], [ -59.006056318974466, -27.430410925410218 ], [ -59.005302300797503, -27.43093863847513 ], [ -59.003895469187718, -27.431923209633336 ], [ -59.003870317525923, -27.431940371492473 ], [ -59.003715521644203, -27.432042248175645 ], [ -59.003690646512865, -27.432062733578384 ], [ -59.003640112763641, -27.432104345763349 ], [ -59.003589506554057, -27.432146026892962 ], [ -59.003538897370035, -27.432187697153584 ], [ -59.003488216744771, -27.432229435463618 ], [ -59.003389677838413, -27.432315740363258 ], [ -59.003342462905309, -27.432360852973634 ], [ -59.003295049021553, -27.432406155445246 ], [ -59.003247627995897, -27.432451460555701 ], [ -59.003199330910057, -27.432496452579539 ], [ -59.003151507879494, -27.432542143698583 ], [ -59.003106317944365, -27.432590235874304 ], [ -59.003061362035105, -27.432638502962124 ], [ -59.003016278455625, -27.432686905377917 ], [ -59.002972434900066, -27.432735737150491 ], [ -59.002929186533727, -27.432785968220227 ], [ -59.002885996525862, -27.43283600297773 ], [ -59.002811844638217, -27.432944020431567 ], [ -59.002723207326845, -27.433082880739036 ], [ -59.002634923629351, -27.433221192169718 ], [ -59.002407705872926, -27.433577167058832 ], [ -59.002372669487038, -27.433632055164221 ], [ -59.002251822277799, -27.433831082436416 ], [ -59.001911888445399, -27.434421749034222 ], [ -59.00228313278803, -27.43476510085523 ] ] ], [ [ [ -59.009468232640387, -27.42805015581477 ], [ -59.007673888384588, -27.429288930128969 ], [ -59.00749047315918, -27.42941477364749 ], [ -59.006230968730556, -27.430284266985389 ], [ -59.00636092434587, -27.430434143192581 ], [ -59.006561226486035, -27.430626810923616 ], [ -59.007792142761538, -27.429777040779008 ], [ -59.007967007232104, -27.429644360158147 ], [ -59.007974459943561, -27.429639212875905 ], [ -59.009660463162255, -27.428475239026692 ], [ -59.009597961202012, -27.428202007258779 ], [ -59.009468232640387, -27.42805015581477 ] ] ] ] } },
{ "type": "Feature", "properties": { "Barrio": "40 VIVIENDAS", "Municipio": "Resistencia", "ID": 351, "Área": 9984.0, "Perímetro": 393.37 }, "geometry": { "type": "MultiPolygon", "coordinates": [ [ [ [ -59.016665451323021, -27.468913410844564 ], [ -59.016624962770798, -27.468913325235057 ], [ -59.015948544747658, -27.469513844857786 ], [ -59.015948448583273, -27.469549953953248 ], [ -59.016621702009893, -27.470153305006473 ], [ -59.016662184945744, -27.470153390585946 ], [ -59.017338613326181, -27.469552870329601 ], [ -59.01733870804987, -27.469516758507272 ], [ -59.016665451323021, -27.468913410844564 ] ] ] ] } },
{ "type": "Feature", "properties": { "Barrio": "11 DE FEBRERO", "Municipio": "Resistencia", "ID": 352, "Área": 22988.52, "Perímetro": 659.77 }, "geometry": { "type": "MultiPolygon", "coordinates": [ [ [ [ -59.018455481144827, -27.46735182757762 ], [ -59.016807235098547, -27.46881516675877 ], [ -59.017520886203471, -27.469454701915851 ], [ -59.019169132839139, -27.467991360737042 ], [ -59.018455481144827, -27.46735182757762 ] ] ] ] } },
{ "type": "Feature", "properties": { "Barrio": "SANTA LUCIA", "Municipio": "Resistencia", "ID": 353, "Área": 2815089.96, "Perímetro": 22083.89 }, "geometry": { "type": "MultiPolygon", "coordinates": [ [ [ [ -58.979786533466942, -27.418805271160473 ], [ -58.983263261071158, -27.415718854071248 ], [ -58.983238511012637, -27.415696647817821 ], [ -58.984863365645957, -27.414236054522867 ], [ -58.985019472753841, -27.414159700580889 ], [ -58.986775629044864, -27.412600524140871 ], [ -58.9856109136947, -27.411555722194951 ], [ -58.985575076026684, -27.411587541396905 ], [ -58.985218524329326, -27.411267695928501 ], [ -58.984766922580356, -27.410862577257856 ], [ -58.984410382615224, -27.410542729868137 ], [ -58.984391520382616, -27.410559417051804 ], [ -58.984127681759915, -27.410322728230256 ], [ -58.984072988618443, -27.410273665318787 ], [ -58.983941066841133, -27.410155317499743 ], [ -58.983809151328636, -27.410036978628828 ], [ -58.983828006477346, -27.410020291471081 ], [ -58.983245704040129, -27.409497909000827 ], [ -58.983222766743623, -27.4095182768333 ], [ -58.982626997378361, -27.408983808469397 ], [ -58.982370841869418, -27.409020755441595 ], [ -58.982101263122324, -27.409074773218968 ], [ -58.981952676923967, -27.409106225034698 ], [ -58.981803933371147, -27.409137075469886 ], [ -58.981676320839505, -27.409163060212123 ], [ -58.981539091096252, -27.409190652089229 ], [ -58.981371151526176, -27.409230328637001 ], [ -58.98120606671845, -27.409278654230743 ], [ -58.981132132293155, -27.409303420814283 ], [ -58.980369968974692, -27.40957881143666 ], [ -58.98003493425383, -27.409688090890192 ], [ -58.978727667129576, -27.410333137102448 ], [ -58.97778702368732, -27.410806036988898 ], [ -58.977757812442292, -27.410780019798867 ], [ -58.975538251545949, -27.411936460593232 ], [ -58.975511878410913, -27.411912784667244 ], [ -58.973300155849117, -27.413049969164948 ], [ -58.975708911335623, -27.415211098235279 ], [ -58.97574475396037, -27.415179281702549 ], [ -58.979786533466942, -27.418805271160473 ] ] ], [ [ [ -58.986605573085264, -27.413010681160362 ], [ -58.982807884544698, -27.416382288058486 ], [ -58.98284353950239, -27.416414271632227 ], [ -58.982433506380254, -27.416778283859685 ], [ -58.989149127087991, -27.422802091323508 ], [ -58.989336551654908, -27.422245547497798 ], [ -58.989413268661849, -27.421949671236078 ], [ -58.989491040305431, -27.421650532394253 ], [ -58.989650155055983, -27.421059677070225 ], [ -58.989837437848223, -27.420494079698312 ], [ -58.990118076268303, -27.420012224411028 ], [ -58.990228149249496, -27.419983009138949 ], [ -58.990267129836127, -27.419954009796555 ], [ -58.990346919562541, -27.419897638647925 ], [ -58.990429152583992, -27.41984345623073 ], [ -58.990513863922416, -27.419791503400692 ], [ -58.990601104819206, -27.419741816618899 ], [ -58.990690930454058, -27.419694444105367 ], [ -58.990783409933101, -27.419649459446941 ], [ -58.990878628639514, -27.419606925519503 ], [ -58.990976678723179, -27.419566939537368 ], [ -58.991077677670219, -27.419529592581263 ], [ -58.991181758874845, -27.419495005624455 ], [ -58.991289079687633, -27.419463334102804 ], [ -58.991399837921563, -27.419434731939475 ], [ -58.991514236998398, -27.419409403629722 ], [ -58.991632550776004, -27.419387592076557 ], [ -58.991755100333613, -27.419369573910799 ], [ -58.991882283880017, -27.419355706629762 ], [ -58.992014566724855, -27.419346419500897 ], [ -58.992152568837945, -27.419342259312348 ], [ -58.992297068534697, -27.419343930102563 ], [ -58.992449092996182, -27.419352347053046 ], [ -58.992610039406649, -27.419368770911518 ], [ -58.992781949096837, -27.419395019318117 ], [ -58.992967865267687, -27.419433828525108 ], [ -58.993172881305448, -27.419489779564909 ], [ -58.993307340098958, -27.419534378932184 ], [ -58.99359449019267, -27.419279425599118 ], [ -58.986605573085264, -27.413010681160362 ] ] ], [ [ [ -58.989604257043005, -27.410322644155485 ], [ -58.988854233019474, -27.410988592471266 ], [ -58.988900981784745, -27.411010722645464 ], [ -58.986851422681582, -27.412830473703576 ], [ -58.990022656089025, -27.415678995729397 ], [ -58.990167495764766, -27.415804964454658 ], [ -58.990274284793415, -27.415964724401721 ], [ -58.990806256928131, -27.416377900753826 ], [ -58.993737074193945, -27.41900659105664 ], [ -58.994068731633625, -27.418712109533523 ], [ -58.994033525993402, -27.418680536264127 ], [ -58.994034005506471, -27.418541015331165 ], [ -58.99261874358001, -27.417076858184593 ], [ -58.992291845150945, -27.416334969892539 ], [ -58.992431491039042, -27.415717348255715 ], [ -58.992486354146472, -27.41553999346387 ], [ -58.992549748164791, -27.415481222181455 ], [ -58.992605115168779, -27.415460830868867 ], [ -58.992556267240026, -27.41541701465593 ], [ -58.992599714862813, -27.41537843579745 ], [ -58.992611002194089, -27.415338672568016 ], [ -58.992647961637381, -27.415283100418439 ], [ -58.992684876553135, -27.415241795213493 ], [ -58.992699565520631, -27.415157653022526 ], [ -58.992754210426575, -27.415072157180735 ], [ -58.992815218019167, -27.414998078869157 ], [ -58.992879382934909, -27.414935419290597 ], [ -58.992932660410588, -27.414877918363604 ], [ -58.993043248406593, -27.414753580835914 ], [ -58.993137356231927, -27.414676655334585 ], [ -58.993212062087387, -27.41463763244063 ], [ -58.99326266912869, -27.414592697369375 ], [ -58.993370315403041, -27.414543942908939 ], [ -58.993506484219935, -27.414493280924233 ], [ -58.993594313053507, -27.414466026435601 ], [ -58.993638262593379, -27.41444260877147 ], [ -58.993713073841953, -27.414376186972905 ], [ -58.993768009924509, -27.414346915512549 ], [ -58.993871159590626, -27.414329472730181 ], [ -58.993998520394534, -27.414323390267455 ], [ -58.994167426783427, -27.414373735365643 ], [ -58.99425368752928, -27.414449138356375 ], [ -58.994301976474311, -27.414443729586697 ], [ -58.994365041576188, -27.414456830193259 ], [ -58.994418545280219, -27.414426605172377 ], [ -58.994493755523884, -27.414437560863096 ], [ -58.994541913711338, -27.414463118408566 ], [ -58.994709011979587, -27.414804706880368 ], [ -58.99474718307696, -27.414825252806633 ], [ -58.994792650911542, -27.414948198399902 ], [ -58.994785590310819, -27.41497743012247 ], [ -58.994722417197764, -27.414994650168978 ], [ -58.994690957796017, -27.414966431096818 ], [ -58.994679574509185, -27.415094499195572 ], [ -58.99485007519629, -27.415373247914683 ], [ -58.994925162431706, -27.41570138175403 ], [ -58.994985782847529, -27.415991029201098 ], [ -58.995002901280692, -27.41641840312111 ], [ -58.995019514361061, -27.416833806219774 ], [ -58.995372192216074, -27.417138645387798 ], [ -58.995576713612053, -27.417426786545899 ], [ -58.995963057224003, -27.417083738255165 ], [ -58.996093908968284, -27.416873526368317 ], [ -58.996550827251006, -27.416493265671473 ], [ -58.996816566614278, -27.416270662483921 ], [ -58.997082294770301, -27.416048062290642 ], [ -58.997348031892237, -27.415825470650972 ], [ -58.997569475317043, -27.415640032524621 ], [ -58.997790850805806, -27.415454533080304 ], [ -58.998012368040335, -27.415269155200576 ], [ -58.998233813237491, -27.415083722289982 ], [ -58.998455179498706, -27.414898214447263 ], [ -58.998676626252504, -27.414712780805623 ], [ -58.998712285366885, -27.41474476404634 ], [ -59.000943447535299, -27.412763422665179 ], [ -59.000899002910536, -27.412751187570564 ], [ -58.999595127105103, -27.412925822037774 ], [ -58.999195166241698, -27.412979387586063 ], [ -58.998604815411916, -27.413058448169053 ], [ -58.998325101007964, -27.413095906668108 ], [ -58.998116482306578, -27.413025475246439 ], [ -58.997813211945292, -27.413019957061024 ], [ -58.997510391592598, -27.41300424562893 ], [ -58.997055939398962, -27.41298436317042 ], [ -58.995701305760733, -27.412811380397631 ], [ -58.994244124930169, -27.412439839358608 ], [ -58.993930901536331, -27.412463388246454 ], [ -58.993735246871125, -27.412385119312365 ], [ -58.993446243624412, -27.412269508700149 ], [ -58.9931624380812, -27.412139635260306 ], [ -58.992878639200832, -27.412009770325142 ], [ -58.992176302496674, -27.411686689926498 ], [ -58.992283812033705, -27.411591229772181 ], [ -58.991390617746305, -27.41116837224326 ], [ -58.990497433458984, -27.410745506465794 ], [ -58.989604257043005, -27.410322644155485 ] ] ], [ [ [ -58.965568682275659, -27.418996590058736 ], [ -58.970460251618469, -27.423385468201285 ], [ -58.970481754456493, -27.423366377881027 ], [ -58.972544104898766, -27.425215228444664 ], [ -58.975464843222611, -27.422622862718072 ], [ -58.973822411275087, -27.420700410555099 ], [ -58.973179424267087, -27.419997796976187 ], [ -58.972404574697435, -27.41916531821289 ], [ -58.972575589884705, -27.419013569024489 ], [ -58.971702081833719, -27.41822986556199 ], [ -58.971522856795843, -27.418388943460503 ], [ -58.97064936417619, -27.417605236401517 ], [ -58.97061351629582, -27.417637051529073 ], [ -58.969740040120392, -27.416853333645108 ], [ -58.969955109804324, -27.4166624430278 ], [ -58.969081645824758, -27.41587872395732 ], [ -58.965568682275659, -27.418996590058736 ] ] ], [ [ [ -58.969275145704422, -27.415661361132717 ], [ -58.971162398561056, -27.41735865804025 ], [ -58.972452971565957, -27.41621326986148 ], [ -58.974056964837523, -27.417652251388365 ], [ -58.972766931511444, -27.41879810212631 ], [ -58.97330744277081, -27.419283042682018 ], [ -58.9741473421238, -27.420145964446242 ], [ -58.974235881311678, -27.420258284843857 ], [ -58.974973664319968, -27.421190842614912 ], [ -58.975258826364183, -27.4215334583109 ], [ -58.975576609830824, -27.42191520039049 ], [ -58.975845667138294, -27.422237946613933 ], [ -58.976605380931048, -27.421563618052101 ], [ -58.976712916393879, -27.421468164371507 ], [ -58.977322279119861, -27.420927264499859 ], [ -58.977429902670394, -27.42083210324391 ], [ -58.979558963455233, -27.418941828466533 ], [ -58.974353474519084, -27.414271776014324 ], [ -58.974317632854344, -27.414303588588751 ], [ -58.97308827520876, -27.413200597459724 ], [ -58.970765192756566, -27.414395058474909 ], [ -58.970601338956527, -27.414484246416709 ], [ -58.969275145704422, -27.415661361132717 ] ] ], [ [ [ -58.982971400053273, -27.408947336821267 ], [ -58.986865792598138, -27.412474631852675 ], [ -58.989413708215586, -27.410212385873042 ], [ -58.989058791515546, -27.410043835101341 ], [ -58.988628863775105, -27.409846424138816 ], [ -58.988179908403396, -27.40964681281206 ], [ -58.987685988428005, -27.409461671516798 ], [ -58.987155769639187, -27.409296034744358 ], [ -58.986595889687301, -27.409150359088319 ], [ -58.98594759288514, -27.409025920596498 ], [ -58.985276737529809, -27.408937278667256 ], [ -58.984460153825538, -27.408885793738765 ], [ -58.983772640103972, -27.408889063454346 ], [ -58.983406338656749, -27.408913692745454 ], [ -58.982971400053273, -27.408947336821267 ] ] ], [ [ [ -58.965189213228911, -27.419013523846093 ], [ -58.969278618981633, -27.415412791998438 ], [ -58.969819305936056, -27.414932884716684 ], [ -58.968299946673731, -27.415771826015323 ], [ -58.964022210486192, -27.417964721114657 ], [ -58.965189213228911, -27.419013523846093 ] ] ], [ [ [ -58.994565784863752, -27.418324414757219 ], [ -58.995066975474863, -27.417879402705868 ], [ -58.994963515485523, -27.417795169295196 ], [ -58.994885723994237, -27.417685408904308 ], [ -58.994774118199736, -27.417665289152023 ], [ -58.994729510203541, -27.417645277029084 ], [ -58.994595432409341, -27.417664979751301 ], [ -58.994323558019062, -27.417248307733086 ], [ -58.994325068718553, -27.416812813378787 ], [ -58.994181878390378, -27.416525532512811 ], [ -58.994282208005188, -27.416377238962802 ], [ -58.994161133790911, -27.41610979545667 ], [ -58.994283578538514, -27.415981336580838 ], [ -58.994333758229558, -27.415800738422202 ], [ -58.994317001860971, -27.415619700753012 ], [ -58.994127907341557, -27.41532673497252 ], [ -58.9941336966751, -27.415084130091707 ], [ -58.99382631361415, -27.41490990894993 ], [ -58.993599245596172, -27.414986681975961 ], [ -58.993358868495406, -27.415182569861226 ], [ -58.993202080603155, -27.415444520228544 ], [ -58.993091915470025, -27.415628766154647 ], [ -58.993183109754639, -27.415887065887279 ], [ -58.99314089619206, -27.416068438499391 ], [ -58.993228657774061, -27.416345721702761 ], [ -58.993172486286547, -27.4165534806077 ], [ -58.99332528646886, -27.416805713647449 ], [ -58.993424930022165, -27.417055035237393 ], [ -58.993837201943713, -27.41732482479425 ], [ -58.994037603468222, -27.417504560881515 ], [ -58.994237719293722, -27.41776401667753 ], [ -58.99423730426529, -27.417883614803543 ], [ -58.994348358693784, -27.418063192251925 ], [ -58.994504158226, -27.418222915474395 ], [ -58.994565784863752, -27.418324414757219 ] ] ], [ [ [ -58.990155203637336, -27.422333003355 ], [ -58.992691316408539, -27.420081330169399 ], [ -58.992532261685, -27.42006660386642 ], [ -58.992382826054765, -27.420060512140186 ], [ -58.992241394707932, -27.420061594152362 ], [ -58.9921068130081, -27.420068827322766 ], [ -58.991978224560498, -27.420081419520059 ], [ -58.991854961012301, -27.420098806462114 ], [ -58.991736518050899, -27.420120510774634 ], [ -58.991622490460863, -27.420146166788665 ], [ -58.991512533049594, -27.420175480554388 ], [ -58.991406378016322, -27.420208210115142 ], [ -58.99130380381159, -27.420244142723455 ], [ -58.991204629786175, -27.4202831272876 ], [ -58.991108688477482, -27.420325008298629 ], [ -58.991015856438189, -27.420369682902681 ], [ -58.990926023382741, -27.42041704653575 ], [ -58.990839107059244, -27.420467025516771 ], [ -58.990766822850354, -27.420530123347543 ], [ -58.990695136325314, -27.42059376146948 ], [ -58.990469519698884, -27.420982332138038 ], [ -58.990155203637336, -27.422333003355 ] ] ] ] } },
{ "type": "Feature", "properties": { "Barrio": "PLAN 130 VIVIENDAS", "Municipio": "Resistencia", "ID": 354, "Área": 42713.55, "Perímetro": 1122.91 }, "geometry": { "type": "MultiPolygon", "coordinates": [ [ [ [ -58.961251992674825, -27.410155060974279 ], [ -58.961211526151189, -27.410154960748354 ], [ -58.960606866053887, -27.410691589071646 ], [ -58.960606753590078, -27.410727697946971 ], [ -58.963949637071352, -27.413730649707748 ], [ -58.96399010189505, -27.413730749152592 ], [ -58.964594753012967, -27.413194116241645 ], [ -58.964594865305671, -27.413157998324255 ], [ -58.961251992674825, -27.410155060974279 ] ] ] ] } },
{ "type": "Feature", "properties": { "Barrio": "PLAN 18 VIVIENDAS", "Municipio": "Resistencia", "ID": 355, "Área": 4021.4, "Perímetro": 255.68 }, "geometry": { "type": "MultiPolygon", "coordinates": [ [ [ [ -58.96696180394359, -27.408183606821204 ], [ -58.966446227775855, -27.408641487418539 ], [ -58.966844888022187, -27.408999024214705 ], [ -58.967360460205796, -27.40854114845289 ], [ -58.96696180394359, -27.408183606821204 ] ] ] ] } },
{ "type": "Feature", "properties": { "Barrio": "PLAN 52 VIVIENDAS", "Municipio": "Resistencia", "ID": 356, "Área": 9575.98, "Perímetro": 410.1 }, "geometry": { "type": "MultiPolygon", "coordinates": [ [ [ [ -58.96750306216633, -27.408669097947783 ], [ -58.96698735744112, -27.409126870377811 ], [ -58.967936436266207, -27.409978454243117 ], [ -58.968452141286008, -27.409520677456488 ], [ -58.96750306216633, -27.408669097947783 ] ] ] ] } },
{ "type": "Feature", "properties": { "Barrio": "RENE FAVALORO", "Municipio": "Resistencia", "ID": 357, "Área": 753221.6, "Perímetro": 5779.48 }, "geometry": { "type": "MultiPolygon", "coordinates": [ [ [ [ -58.965221695879585, -27.406621977644498 ], [ -58.96138631191063, -27.410026075695551 ], [ -58.964885997216598, -27.413168587057335 ], [ -58.964735694431624, -27.413287658259186 ], [ -58.964018770171386, -27.413923940768314 ], [ -58.963911814360188, -27.413827974178222 ], [ -58.962414566099064, -27.412484386724898 ], [ -58.962273785902738, -27.412486879013745 ], [ -58.960507794055886, -27.410901204044563 ], [ -58.959862559935544, -27.411473836480827 ], [ -58.959611330526229, -27.411511852801162 ], [ -58.958177446560605, -27.412784365924001 ], [ -58.963056007650167, -27.41715480142253 ], [ -58.971903880518752, -27.412618009414878 ], [ -58.968523507004392, -27.409584888577381 ], [ -58.967936114085482, -27.410106263120849 ], [ -58.966374621900002, -27.408705080221139 ], [ -58.96696180394359, -27.408183606821204 ], [ -58.965221695879585, -27.406621977644498 ] ] ], [ [ [ -58.97167954456912, -27.409028133169038 ], [ -58.97000023094035, -27.410518774996312 ], [ -58.972299636795086, -27.412581936770401 ], [ -58.972588675166598, -27.412420954223712 ], [ -58.971881856596454, -27.410458479783426 ], [ -58.971783541976642, -27.410291205153918 ], [ -58.972438898080149, -27.409709473181515 ], [ -58.97167954456912, -27.409028133169038 ] ] ] ] } },
{ "type": "Feature", "properties": { "Barrio": "PLAN 112 VIVIENDAS", "Municipio": "Resistencia", "ID": 358, "Área": 44848.7, "Perímetro": 1272.01 }, "geometry": { "type": "MultiPolygon", "coordinates": [ [ [ [ -58.97167954456912, -27.409028133169038 ], [ -58.97000023094035, -27.410518774996312 ], [ -58.972299636795086, -27.412581936770401 ], [ -58.972588675166598, -27.412420954223712 ], [ -58.972150838464998, -27.411209208706314 ], [ -58.972098473364319, -27.411064501758442 ], [ -58.971974045142645, -27.410718059535647 ], [ -58.971881856596454, -27.410458479783426 ], [ -58.971783541976642, -27.410291205153918 ], [ -58.972438898080149, -27.409709473181515 ], [ -58.97167954456912, -27.409028133169038 ] ], [ [ -58.97167954456912, -27.409028133169038 ], [ -58.97000023094035, -27.410518774996312 ], [ -58.97167954456912, -27.409028133169038 ] ] ] ] } },
{ "type": "Feature", "properties": { "Barrio": "PLAN 100 VIVIENDAS", "Municipio": "Resistencia", "ID": 359, "Área": 36854.97, "Perímetro": 845.7 }, "geometry": { "type": "MultiPolygon", "coordinates": [ [ [ [ -58.967458591299611, -27.406666404676834 ], [ -58.966577929291283, -27.407448099828596 ], [ -58.968716851787043, -27.409367436559531 ], [ -58.969597517964822, -27.408585724527391 ], [ -58.967458591299611, -27.406666404676834 ] ] ] ] } },
{ "type": "Feature", "properties": { "Barrio": "MONTE ALTO", "Municipio": "Resistencia", "ID": 360, "Área": 951906.07, "Perímetro": 3907.46 }, "geometry": { "type": "MultiPolygon", "coordinates": [ [ [ [ -58.907924040926218, -27.431885853953624 ], [ -58.900974125158484, -27.438092746495617 ], [ -58.904747867945538, -27.441533515390073 ], [ -58.904852185154589, -27.441634365816579 ], [ -58.905300114444707, -27.442036594588966 ], [ -58.905264250388328, -27.442068393014605 ], [ -58.905712181816831, -27.442470629547358 ], [ -58.905869628276022, -27.442490880259808 ], [ -58.907885794726099, -27.444301291657652 ], [ -58.908352130255899, -27.443887904409383 ], [ -58.908387771616162, -27.443919907451509 ], [ -58.91490664487845, -27.438176675154264 ], [ -58.907924040926218, -27.431885853953624 ] ] ] ] } },
{ "type": "Feature", "properties": { "Barrio": "PARQUE FAVRE", "Municipio": "Resistencia", "ID": 361, "Área": 789574.34, "Perímetro": 4882.58 }, "geometry": { "type": "MultiPolygon", "coordinates": [ [ [ [ -58.948201726850911, -27.416565431493673 ], [ -58.950818161130613, -27.41891374857763 ], [ -58.957719513356601, -27.412694324375565 ], [ -58.950929519526333, -27.406472205817636 ], [ -58.943903027761607, -27.412706921496138 ], [ -58.946027390204073, -27.414613800740536 ], [ -58.94961243550113, -27.41143281368322 ], [ -58.951786780807595, -27.413384395762723 ], [ -58.948201726850911, -27.416565431493673 ] ] ] ] } },
{ "type": "Feature", "properties": { "Barrio": "CARAGUATA", "Municipio": "Resistencia", "ID": 362, "Área": 862550.16, "Perímetro": 6329.94 }, "geometry": { "type": "MultiPolygon", "coordinates": [ [ [ [ -58.986541788351424, -27.39898265425019 ], [ -58.986950302599837, -27.398619899592006 ], [ -58.980616873972501, -27.392937444697885 ], [ -58.972611839481225, -27.400033974784176 ], [ -58.975285470352347, -27.402433027910448 ], [ -58.97638278844569, -27.401458840211316 ], [ -58.977647797810725, -27.402560737898014 ], [ -58.978364571815135, -27.401924380129564 ], [ -58.977118126693348, -27.400806000760497 ], [ -58.979285728501004, -27.398881520614676 ], [ -58.980673565098336, -27.400128896570795 ], [ -58.976674512706047, -27.40367936365859 ], [ -58.978143308631225, -27.404997209631148 ], [ -58.978274939471824, -27.405082099221467 ], [ -58.979552537251273, -27.406228355065586 ], [ -58.980352616155841, -27.405518035817053 ], [ -58.980072751034093, -27.405266955124432 ], [ -58.980297746778348, -27.405067196554597 ], [ -58.979300014320891, -27.404172040133307 ], [ -58.980026889760069, -27.403526696300045 ], [ -58.981075152536611, -27.402595996188168 ], [ -58.982352752328794, -27.403742232200472 ], [ -58.983552804002386, -27.402676729077374 ], [ -58.982275210372286, -27.401530507544621 ], [ -58.982142512870453, -27.401446829412507 ], [ -58.982683147204128, -27.400966807976225 ], [ -58.98321699974634, -27.400924743412414 ], [ -58.983370726963408, -27.401062657021718 ], [ -58.984023947070654, -27.400482639544745 ], [ -58.983560482126968, -27.400066841660042 ], [ -58.983954672578868, -27.399716826956677 ], [ -58.98441813863829, -27.400132623559646 ], [ -58.986129655917402, -27.398612915436711 ], [ -58.986541788351424, -27.39898265425019 ] ] ] ] } },
{ "type": "Feature", "properties": { "Barrio": "FABIANA-NORTE", "Municipio": "Resistencia", "ID": 363, "Área": 1942890.18, "Perímetro": 10024.02 }, "geometry": { "type": "MultiPolygon", "coordinates": [ [ [ [ -58.943744947567495, -27.412948962326542 ], [ -58.936768480325959, -27.419100753925022 ], [ -58.94368441187099, -27.425307619756754 ], [ -58.950638697176544, -27.41913661002781 ], [ -58.943744947567495, -27.412948962326542 ] ] ], [ [ [ -58.936561875170774, -27.419225997657232 ], [ -58.929533765441839, -27.425459934644397 ], [ -58.930925909707646, -27.426709718420735 ], [ -58.93096177162532, -27.42667791394534 ], [ -58.932223561872142, -27.427810641916164 ], [ -58.932266949857848, -27.427901364744308 ], [ -58.934061380689165, -27.42951218871557 ], [ -58.941469335058045, -27.426594345277419 ], [ -58.941583898949581, -27.426697174959035 ], [ -58.942559259591633, -27.426312887514388 ], [ -58.943094215766799, -27.426148140504537 ], [ -58.943856919642187, -27.425847642600058 ], [ -58.943484708369773, -27.425491911889235 ], [ -58.941088287990553, -27.423340936236194 ], [ -58.941052437107039, -27.423372739890141 ], [ -58.93922335361345, -27.421730905604026 ], [ -58.939176023336806, -27.421643688416133 ], [ -58.937914227729237, -27.420511023282089 ], [ -58.937954025354671, -27.420475718675203 ], [ -58.936561875170774, -27.419225997657232 ] ] ], [ [ [ -58.953633072482795, -27.421826581317493 ], [ -58.950856456939384, -27.419334663114913 ], [ -58.948077893290744, -27.421799955201106 ], [ -58.948042239941529, -27.421767959327166 ], [ -58.946559688867197, -27.423083286939889 ], [ -58.945012562613741, -27.424455855306363 ], [ -58.945048215923805, -27.424487849236037 ], [ -58.943901002884779, -27.425505863273123 ], [ -58.944030702724667, -27.425622248037975 ], [ -58.953633072482795, -27.421826581317493 ] ] ] ] } },
{ "type": "Feature", "properties": { "Barrio": "50 VIAMEB (BANCARIOS)", "Municipio": "Resistencia", "ID": 364, "Área": 17667.74, "Perímetro": 623.97 }, "geometry": { "type": "MultiPolygon", "coordinates": [ [ [ [ -58.979300014320891, -27.404172040133307 ], [ -58.980297746778348, -27.405067196554597 ], [ -58.980072751034093, -27.405266955124432 ], [ -58.980352616106138, -27.405518041230884 ], [ -58.981207943272878, -27.40475865676899 ], [ -58.980289273108511, -27.403934451125611 ], [ -58.980385925620929, -27.403848529082122 ], [ -58.980026889760069, -27.403526696300045 ], [ -58.979300014320891, -27.404172040133307 ] ] ] ] } },
{ "type": "Feature", "properties": { "Barrio": "UOM", "Municipio": "Resistencia", "ID": 365, "Área": 18911.91, "Perímetro": 822.61 }, "geometry": { "type": "MultiPolygon", "coordinates": [ [ [ [ -58.974552399488211, -27.493600206830031 ], [ -58.974511909429268, -27.49360010968212 ], [ -58.973978570269907, -27.494073129609934 ], [ -58.973978461077607, -27.494109244504564 ], [ -58.974386858476784, -27.494479796206051 ], [ -58.974797146105416, -27.494847252070389 ], [ -58.975220055203401, -27.495226448160782 ], [ -58.975261050697263, -27.495226992793253 ], [ -58.975794389262468, -27.494753968021332 ], [ -58.975794498881775, -27.494717853119848 ], [ -58.974552399488211, -27.493600206830031 ] ] ], [ [ [ -58.976532913607677, -27.493619209330131 ], [ -58.975686404212382, -27.494370070021482 ], [ -58.975939071051272, -27.494596605199714 ], [ -58.975979565529251, -27.494596702874347 ], [ -58.976785481428472, -27.493881855278822 ], [ -58.976785590688635, -27.493845743070096 ], [ -58.976532913607677, -27.493619209330131 ] ] ] ] } }
]
}
